{"type":"FeatureCollection","prahari":{"schema_version":"2.0.0","run_id":"2026-09-05T03:55:54+05:30","district":"farrukhabad","horizon":"today","model":{"id":"potato_late_blight_hutton","version":"2.0.0","engine_git_sha":"dd4baa2"},"data_status":"fresh","degradation":[],"node_count":25,"cell_count":441,"counts":{"safe":0,"watch":441,"act":0}},"features":[{"type":"Feature","geometry":{"type":"Polygon","coordinates":[[[79.39,27.19],[79.41,27.19],[79.41,27.21],[79.39,27.21],[79.39,27.19]]]},"properties":{"cell_id":"FRK-R000-C000","band":"watch","risk":0.35,"physics_risk":0.35,"ml_delta":0.0,"dsv_today":0,"dsv_accum_7d":7,"criterion_met":true,"wet_hours":16,"min_temp_c":25.1,"mean_wet_temp_c":25.56,"firing_model":"potato_early_blight_tomcast","firing_pathogen":"Alternaria solani","confidence":0.85}},{"type":"Feature","geometry":{"type":"Polygon","coordinates":[[[79.41,27.19],[79.43,27.19],[79.43,27.21],[79.41,27.21],[79.41,27.19]]]},"properties":{"cell_id":"FRK-R000-C001","band":"watch","risk":0.35,"physics_risk":0.35,"ml_delta":0.0,"dsv_today":0,"dsv_accum_7d":7,"criterion_met":true,"wet_hours":16,"min_temp_c":25.1,"mean_wet_temp_c":25.56,"firing_model":"potato_early_blight_tomcast","firing_pathogen":"Alternaria solani","confidence":0.85}},{"type":"Feature","geometry":{"type":"Polygon","coordinates":[[[79.43,27.19],[79.45,27.19],[79.45,27.21],[79.43,27.21],[79.43,27.19]]]},"properties":{"cell_id":"FRK-R000-C002","band":"watch","risk":0.35,"physics_risk":0.35,"ml_delta":0.0,"dsv_today":0,"dsv_accum_7d":7,"criterion_met":true,"wet_hours":15,"min_temp_c":25.1,"mean_wet_temp_c":25.55,"firing_model":"potato_early_blight_tomcast","firing_pathogen":"Alternaria solani","confidence":0.85}},{"type":"Feature","geometry":{"type":"Polygon","coordinates":[[[79.45,27.19],[79.47,27.19],[79.47,27.21],[79.45,27.21],[79.45,27.19]]]},"properties":{"cell_id":"FRK-R000-C003","band":"watch","risk":0.4,"physics_risk":0.4,"ml_delta":0.0,"dsv_today":0,"dsv_accum_7d":8,"criterion_met":true,"wet_hours":15,"min_temp_c":25.1,"mean_wet_temp_c":25.55,"firing_model":"potato_early_blight_tomcast","firing_pathogen":"Alternaria solani","confidence":0.85}},{"type":"Feature","geometry":{"type":"Polygon","coordinates":[[[79.47,27.19],[79.49,27.19],[79.49,27.21],[79.47,27.21],[79.47,27.19]]]},"properties":{"cell_id":"FRK-R000-C004","band":"watch","risk":0.4,"physics_risk":0.4,"ml_delta":0.0,"dsv_today":0,"dsv_accum_7d":8,"criterion_met":true,"wet_hours":15,"min_temp_c":25.1,"mean_wet_temp_c":25.54,"firing_model":"potato_early_blight_tomcast","firing_pathogen":"Alternaria solani","confidence":0.85}},{"type":"Feature","geometry":{"type":"Polygon","coordinates":[[[79.49,27.19],[79.51,27.19],[79.51,27.21],[79.49,27.21],[79.49,27.19]]]},"properties":{"cell_id":"FRK-R000-C005","band":"watch","risk":0.4,"physics_risk":0.4,"ml_delta":0.0,"dsv_today":0,"dsv_accum_7d":8,"criterion_met":true,"wet_hours":15,"min_temp_c":25.1,"mean_wet_temp_c":25.54,"firing_model":"potato_early_blight_tomcast","firing_pathogen":"Alternaria solani","confidence":0.85}},{"type":"Feature","geometry":{"type":"Polygon","coordinates":[[[79.51,27.19],[79.53,27.19],[79.53,27.21],[79.51,27.21],[79.51,27.19]]]},"properties":{"cell_id":"FRK-R000-C006","band":"watch","risk":0.4,"physics_risk":0.4,"ml_delta":0.0,"dsv_today":0,"dsv_accum_7d":8,"criterion_met":true,"wet_hours":15,"min_temp_c":25.08,"mean_wet_temp_c":25.54,"firing_model":"potato_early_blight_tomcast","firing_pathogen":"Alternaria solani","confidence":0.85}},{"type":"Feature","geometry":{"type":"Polygon","coordinates":[[[79.53,27.19],[79.55,27.19],[79.55,27.21],[79.53,27.21],[79.53,27.19]]]},"properties":{"cell_id":"FRK-R000-C007","band":"watch","risk":0.4,"physics_risk":0.4,"ml_delta":0.0,"dsv_today":0,"dsv_accum_7d":8,"criterion_met":true,"wet_hours":15,"min_temp_c":25.06,"mean_wet_temp_c":25.53,"firing_model":"potato_early_blight_tomcast","firing_pathogen":"Alternaria solani","confidence":0.85}},{"type":"Feature","geometry":{"type":"Polygon","coordinates":[[[79.55,27.19],[79.57,27.19],[79.57,27.21],[79.55,27.21],[79.55,27.19]]]},"properties":{"cell_id":"FRK-R000-C008","band":"watch","risk":0.45,"physics_risk":0.45,"ml_delta":0.0,"dsv_today":0,"dsv_accum_7d":9,"criterion_met":true,"wet_hours":15,"min_temp_c":25.04,"mean_wet_temp_c":25.53,"firing_model":"potato_early_blight_tomcast","firing_pathogen":"Alternaria solani","confidence":0.85}},{"type":"Feature","geometry":{"type":"Polygon","coordinates":[[[79.57,27.19],[79.59,27.19],[79.59,27.21],[79.57,27.21],[79.57,27.19]]]},"properties":{"cell_id":"FRK-R000-C009","band":"watch","risk":0.45,"physics_risk":0.45,"ml_delta":0.0,"dsv_today":0,"dsv_accum_7d":9,"criterion_met":true,"wet_hours":15,"min_temp_c":25.02,"mean_wet_temp_c":25.53,"firing_model":"potato_early_blight_tomcast","firing_pathogen":"Alternaria solani","confidence":0.85}},{"type":"Feature","geometry":{"type":"Polygon","coordinates":[[[79.59,27.19],[79.61,27.19],[79.61,27.21],[79.59,27.21],[79.59,27.19]]]},"properties":{"cell_id":"FRK-R000-C010","band":"watch","risk":0.45,"physics_risk":0.45,"ml_delta":0.0,"dsv_today":0,"dsv_accum_7d":9,"criterion_met":true,"wet_hours":15,"min_temp_c":25.0,"mean_wet_temp_c":25.53,"firing_model":"potato_early_blight_tomcast","firing_pathogen":"Alternaria solani","confidence":0.85}},{"type":"Feature","geometry":{"type":"Polygon","coordinates":[[[79.61,27.19],[79.63,27.19],[79.63,27.21],[79.61,27.21],[79.61,27.19]]]},"properties":{"cell_id":"FRK-R000-C011","band":"watch","risk":0.45,"physics_risk":0.45,"ml_delta":0.0,"dsv_today":0,"dsv_accum_7d":9,"criterion_met":true,"wet_hours":15,"min_temp_c":25.02,"mean_wet_temp_c":25.53,"firing_model":"potato_early_blight_tomcast","firing_pathogen":"Alternaria solani","confidence":0.85}},{"type":"Feature","geometry":{"type":"Polygon","coordinates":[[[79.63,27.19],[79.65,27.19],[79.65,27.21],[79.63,27.21],[79.63,27.19]]]},"properties":{"cell_id":"FRK-R000-C012","band":"watch","risk":0.45,"physics_risk":0.45,"ml_delta":0.0,"dsv_today":0,"dsv_accum_7d":9,"criterion_met":true,"wet_hours":15,"min_temp_c":25.04,"mean_wet_temp_c":25.52,"firing_model":"potato_early_blight_tomcast","firing_pathogen":"Alternaria solani","confidence":0.85}},{"type":"Feature","geometry":{"type":"Polygon","coordinates":[[[79.65,27.19],[79.67,27.19],[79.67,27.21],[79.65,27.21],[79.65,27.19]]]},"properties":{"cell_id":"FRK-R000-C013","band":"watch","risk":0.5,"physics_risk":0.5,"ml_delta":0.0,"dsv_today":0,"dsv_accum_7d":10,"criterion_met":true,"wet_hours":15,"min_temp_c":25.06,"mean_wet_temp_c":25.53,"firing_model":"potato_early_blight_tomcast","firing_pathogen":"Alternaria solani","confidence":0.85}},{"type":"Feature","geometry":{"type":"Polygon","coordinates":[[[79.67,27.19],[79.69,27.19],[79.69,27.21],[79.67,27.21],[79.67,27.19]]]},"properties":{"cell_id":"FRK-R000-C014","band":"watch","risk":0.5,"physics_risk":0.5,"ml_delta":0.0,"dsv_today":0,"dsv_accum_7d":10,"criterion_met":true,"wet_hours":16,"min_temp_c":25.08,"mean_wet_temp_c":25.53,"firing_model":"potato_early_blight_tomcast","firing_pathogen":"Alternaria solani","confidence":0.85}},{"type":"Feature","geometry":{"type":"Polygon","coordinates":[[[79.69,27.19],[79.71,27.19],[79.71,27.21],[79.69,27.21],[79.69,27.19]]]},"properties":{"cell_id":"FRK-R000-C015","band":"watch","risk":0.5,"physics_risk":0.5,"ml_delta":0.0,"dsv_today":0,"dsv_accum_7d":10,"criterion_met":true,"wet_hours":16,"min_temp_c":25.1,"mean_wet_temp_c":25.52,"firing_model":"potato_early_blight_tomcast","firing_pathogen":"Alternaria solani","confidence":0.85}},{"type":"Feature","geometry":{"type":"Polygon","coordinates":[[[79.71,27.19],[79.73,27.19],[79.73,27.21],[79.71,27.21],[79.71,27.19]]]},"properties":{"cell_id":"FRK-R000-C016","band":"watch","risk":0.45,"physics_risk":0.45,"ml_delta":0.0,"dsv_today":0,"dsv_accum_7d":9,"criterion_met":true,"wet_hours":15,"min_temp_c":25.12,"mean_wet_temp_c":25.54,"firing_model":"potato_early_blight_tomcast","firing_pathogen":"Alternaria solani","confidence":0.85}},{"type":"Feature","geometry":{"type":"Polygon","coordinates":[[[79.73,27.19],[79.75,27.19],[79.75,27.21],[79.73,27.21],[79.73,27.19]]]},"properties":{"cell_id":"FRK-R000-C017","band":"watch","risk":0.45,"physics_risk":0.45,"ml_delta":0.0,"dsv_today":0,"dsv_accum_7d":9,"criterion_met":true,"wet_hours":15,"min_temp_c":25.14,"mean_wet_temp_c":25.55,"firing_model":"potato_early_blight_tomcast","firing_pathogen":"Alternaria solani","confidence":0.85}},{"type":"Feature","geometry":{"type":"Polygon","coordinates":[[[79.75,27.19],[79.77,27.19],[79.77,27.21],[79.75,27.21],[79.75,27.19]]]},"properties":{"cell_id":"FRK-R000-C018","band":"watch","risk":0.45,"physics_risk":0.45,"ml_delta":0.0,"dsv_today":0,"dsv_accum_7d":9,"criterion_met":true,"wet_hours":15,"min_temp_c":25.16,"mean_wet_temp_c":25.57,"firing_model":"potato_early_blight_tomcast","firing_pathogen":"Alternaria solani","confidence":0.85}},{"type":"Feature","geometry":{"type":"Polygon","coordinates":[[[79.77,27.19],[79.79,27.19],[79.79,27.21],[79.77,27.21],[79.77,27.19]]]},"properties":{"cell_id":"FRK-R000-C019","band":"watch","risk":0.45,"physics_risk":0.45,"ml_delta":0.0,"dsv_today":0,"dsv_accum_7d":9,"criterion_met":true,"wet_hours":15,"min_temp_c":25.18,"mean_wet_temp_c":25.59,"firing_model":"potato_early_blight_tomcast","firing_pathogen":"Alternaria solani","confidence":0.85}},{"type":"Feature","geometry":{"type":"Polygon","coordinates":[[[79.79,27.19],[79.81,27.19],[79.81,27.21],[79.79,27.21],[79.79,27.19]]]},"properties":{"cell_id":"FRK-R000-C020","band":"watch","risk":0.45,"physics_risk":0.45,"ml_delta":0.0,"dsv_today":0,"dsv_accum_7d":9,"criterion_met":true,"wet_hours":15,"min_temp_c":25.2,"mean_wet_temp_c":25.6,"firing_model":"potato_early_blight_tomcast","firing_pathogen":"Alternaria solani","confidence":0.85}},{"type":"Feature","geometry":{"type":"Polygon","coordinates":[[[79.39,27.21],[79.41,27.21],[79.41,27.23],[79.39,27.23],[79.39,27.21]]]},"properties":{"cell_id":"FRK-R001-C000","band":"watch","risk":0.35,"physics_risk":0.35,"ml_delta":0.0,"dsv_today":0,"dsv_accum_7d":7,"criterion_met":true,"wet_hours":16,"min_temp_c":25.1,"mean_wet_temp_c":25.58,"firing_model":"potato_early_blight_tomcast","firing_pathogen":"Alternaria solani","confidence":0.85}},{"type":"Feature","geometry":{"type":"Polygon","coordinates":[[[79.41,27.21],[79.43,27.21],[79.43,27.23],[79.41,27.23],[79.41,27.21]]]},"properties":{"cell_id":"FRK-R001-C001","band":"watch","risk":0.4,"physics_risk":0.4,"ml_delta":0.0,"dsv_today":0,"dsv_accum_7d":8,"criterion_met":true,"wet_hours":16,"min_temp_c":25.1,"mean_wet_temp_c":25.57,"firing_model":"potato_early_blight_tomcast","firing_pathogen":"Alternaria solani","confidence":0.85}},{"type":"Feature","geometry":{"type":"Polygon","coordinates":[[[79.43,27.21],[79.45,27.21],[79.45,27.23],[79.43,27.23],[79.43,27.21]]]},"properties":{"cell_id":"FRK-R001-C002","band":"watch","risk":0.4,"physics_risk":0.4,"ml_delta":0.0,"dsv_today":0,"dsv_accum_7d":8,"criterion_met":true,"wet_hours":16,"min_temp_c":25.1,"mean_wet_temp_c":25.57,"firing_model":"potato_early_blight_tomcast","firing_pathogen":"Alternaria solani","confidence":0.85}},{"type":"Feature","geometry":{"type":"Polygon","coordinates":[[[79.45,27.21],[79.47,27.21],[79.47,27.23],[79.45,27.23],[79.45,27.21]]]},"properties":{"cell_id":"FRK-R001-C003","band":"watch","risk":0.4,"physics_risk":0.4,"ml_delta":0.0,"dsv_today":0,"dsv_accum_7d":8,"criterion_met":true,"wet_hours":16,"min_temp_c":25.1,"mean_wet_temp_c":25.56,"firing_model":"potato_early_blight_tomcast","firing_pathogen":"Alternaria solani","confidence":0.85}},{"type":"Feature","geometry":{"type":"Polygon","coordinates":[[[79.47,27.21],[79.49,27.21],[79.49,27.23],[79.47,27.23],[79.47,27.21]]]},"properties":{"cell_id":"FRK-R001-C004","band":"watch","risk":0.4,"physics_risk":0.4,"ml_delta":0.0,"dsv_today":0,"dsv_accum_7d":8,"criterion_met":true,"wet_hours":16,"min_temp_c":25.1,"mean_wet_temp_c":25.56,"firing_model":"potato_early_blight_tomcast","firing_pathogen":"Alternaria solani","confidence":0.85}},{"type":"Feature","geometry":{"type":"Polygon","coordinates":[[[79.49,27.21],[79.51,27.21],[79.51,27.23],[79.49,27.23],[79.49,27.21]]]},"properties":{"cell_id":"FRK-R001-C005","band":"watch","risk":0.4,"physics_risk":0.4,"ml_delta":0.0,"dsv_today":0,"dsv_accum_7d":8,"criterion_met":true,"wet_hours":16,"min_temp_c":25.1,"mean_wet_temp_c":25.55,"firing_model":"potato_early_blight_tomcast","firing_pathogen":"Alternaria solani","confidence":0.85}},{"type":"Feature","geometry":{"type":"Polygon","coordinates":[[[79.51,27.21],[79.53,27.21],[79.53,27.23],[79.51,27.23],[79.51,27.21]]]},"properties":{"cell_id":"FRK-R001-C006","band":"watch","risk":0.4,"physics_risk":0.4,"ml_delta":0.0,"dsv_today":0,"dsv_accum_7d":8,"criterion_met":true,"wet_hours":15,"min_temp_c":25.08,"mean_wet_temp_c":25.55,"firing_model":"potato_early_blight_tomcast","firing_pathogen":"Alternaria solani","confidence":0.85}},{"type":"Feature","geometry":{"type":"Polygon","coordinates":[[[79.53,27.21],[79.55,27.21],[79.55,27.23],[79.53,27.23],[79.53,27.21]]]},"properties":{"cell_id":"FRK-R001-C007","band":"watch","risk":0.4,"physics_risk":0.4,"ml_delta":0.0,"dsv_today":0,"dsv_accum_7d":8,"criterion_met":true,"wet_hours":15,"min_temp_c":25.07,"mean_wet_temp_c":25.54,"firing_model":"potato_early_blight_tomcast","firing_pathogen":"Alternaria solani","confidence":0.85}},{"type":"Feature","geometry":{"type":"Polygon","coordinates":[[[79.55,27.21],[79.57,27.21],[79.57,27.23],[79.55,27.23],[79.55,27.21]]]},"properties":{"cell_id":"FRK-R001-C008","band":"watch","risk":0.4,"physics_risk":0.4,"ml_delta":0.0,"dsv_today":0,"dsv_accum_7d":8,"criterion_met":true,"wet_hours":15,"min_temp_c":25.05,"mean_wet_temp_c":25.54,"firing_model":"potato_early_blight_tomcast","firing_pathogen":"Alternaria solani","confidence":0.85}},{"type":"Feature","geometry":{"type":"Polygon","coordinates":[[[79.57,27.21],[79.59,27.21],[79.59,27.23],[79.57,27.23],[79.57,27.21]]]},"properties":{"cell_id":"FRK-R001-C009","band":"watch","risk":0.45,"physics_risk":0.45,"ml_delta":0.0,"dsv_today":0,"dsv_accum_7d":9,"criterion_met":true,"wet_hours":15,"min_temp_c":25.04,"mean_wet_temp_c":25.54,"firing_model":"potato_early_blight_tomcast","firing_pathogen":"Alternaria solani","confidence":0.85}},{"type":"Feature","geometry":{"type":"Polygon","coordinates":[[[79.59,27.21],[79.61,27.21],[79.61,27.23],[79.59,27.23],[79.59,27.21]]]},"properties":{"cell_id":"FRK-R001-C010","band":"watch","risk":0.45,"physics_risk":0.45,"ml_delta":0.0,"dsv_today":0,"dsv_accum_7d":9,"criterion_met":true,"wet_hours":15,"min_temp_c":25.02,"mean_wet_temp_c":25.53,"firing_model":"potato_early_blight_tomcast","firing_pathogen":"Alternaria solani","confidence":0.85}},{"type":"Feature","geometry":{"type":"Polygon","coordinates":[[[79.61,27.21],[79.63,27.21],[79.63,27.23],[79.61,27.23],[79.61,27.21]]]},"properties":{"cell_id":"FRK-R001-C011","band":"watch","risk":0.45,"physics_risk":0.45,"ml_delta":0.0,"dsv_today":0,"dsv_accum_7d":9,"criterion_met":true,"wet_hours":16,"min_temp_c":25.04,"mean_wet_temp_c":25.54,"firing_model":"potato_early_blight_tomcast","firing_pathogen":"Alternaria solani","confidence":0.85}},{"type":"Feature","geometry":{"type":"Polygon","coordinates":[[[79.63,27.21],[79.65,27.21],[79.65,27.23],[79.63,27.23],[79.63,27.21]]]},"properties":{"cell_id":"FRK-R001-C012","band":"watch","risk":0.5,"physics_risk":0.5,"ml_delta":0.0,"dsv_today":0,"dsv_accum_7d":10,"criterion_met":true,"wet_hours":16,"min_temp_c":25.06,"mean_wet_temp_c":25.54,"firing_model":"potato_early_blight_tomcast","firing_pathogen":"Alternaria solani","confidence":0.85}},{"type":"Feature","geometry":{"type":"Polygon","coordinates":[[[79.65,27.21],[79.67,27.21],[79.67,27.23],[79.65,27.23],[79.65,27.21]]]},"properties":{"cell_id":"FRK-R001-C013","band":"watch","risk":0.55,"physics_risk":0.55,"ml_delta":0.0,"dsv_today":0,"dsv_accum_7d":11,"criterion_met":true,"wet_hours":16,"min_temp_c":25.08,"mean_wet_temp_c":25.54,"firing_model":"potato_early_blight_tomcast","firing_pathogen":"Alternaria solani","confidence":0.85}},{"type":"Feature","geometry":{"type":"Polygon","coordinates":[[[79.67,27.21],[79.69,27.21],[79.69,27.23],[79.67,27.23],[79.67,27.21]]]},"properties":{"cell_id":"FRK-R001-C014","band":"watch","risk":0.55,"physics_risk":0.55,"ml_delta":0.0,"dsv_today":0,"dsv_accum_7d":11,"criterion_met":true,"wet_hours":16,"min_temp_c":25.1,"mean_wet_temp_c":25.55,"firing_model":"potato_early_blight_tomcast","firing_pathogen":"Alternaria solani","confidence":0.85}},{"type":"Feature","geometry":{"type":"Polygon","coordinates":[[[79.69,27.21],[79.71,27.21],[79.71,27.23],[79.69,27.23],[79.69,27.21]]]},"properties":{"cell_id":"FRK-R001-C015","band":"watch","risk":0.55,"physics_risk":0.55,"ml_delta":0.0,"dsv_today":0,"dsv_accum_7d":11,"criterion_met":true,"wet_hours":16,"min_temp_c":25.12,"mean_wet_temp_c":25.55,"firing_model":"potato_early_blight_tomcast","firing_pathogen":"Alternaria solani","confidence":0.85}},{"type":"Feature","geometry":{"type":"Polygon","coordinates":[[[79.71,27.21],[79.73,27.21],[79.73,27.23],[79.71,27.23],[79.71,27.21]]]},"properties":{"cell_id":"FRK-R001-C016","band":"watch","risk":0.5,"physics_risk":0.5,"ml_delta":0.0,"dsv_today":0,"dsv_accum_7d":10,"criterion_met":true,"wet_hours":16,"min_temp_c":25.14,"mean_wet_temp_c":25.57,"firing_model":"potato_early_blight_tomcast","firing_pathogen":"Alternaria solani","confidence":0.85}},{"type":"Feature","geometry":{"type":"Polygon","coordinates":[[[79.73,27.21],[79.75,27.21],[79.75,27.23],[79.73,27.23],[79.73,27.21]]]},"properties":{"cell_id":"FRK-R001-C017","band":"watch","risk":0.5,"physics_risk":0.5,"ml_delta":0.0,"dsv_today":0,"dsv_accum_7d":10,"criterion_met":true,"wet_hours":15,"min_temp_c":25.16,"mean_wet_temp_c":25.58,"firing_model":"potato_early_blight_tomcast","firing_pathogen":"Alternaria solani","confidence":0.85}},{"type":"Feature","geometry":{"type":"Polygon","coordinates":[[[79.75,27.21],[79.77,27.21],[79.77,27.23],[79.75,27.23],[79.75,27.21]]]},"properties":{"cell_id":"FRK-R001-C018","band":"watch","risk":0.4,"physics_risk":0.4,"ml_delta":0.0,"dsv_today":0,"dsv_accum_7d":8,"criterion_met":true,"wet_hours":15,"min_temp_c":25.18,"mean_wet_temp_c":25.6,"firing_model":"potato_early_blight_tomcast","firing_pathogen":"Alternaria solani","confidence":0.85}},{"type":"Feature","geometry":{"type":"Polygon","coordinates":[[[79.77,27.21],[79.79,27.21],[79.79,27.23],[79.77,27.23],[79.77,27.21]]]},"properties":{"cell_id":"FRK-R001-C019","band":"watch","risk":0.35,"physics_risk":0.35,"ml_delta":0.0,"dsv_today":0,"dsv_accum_7d":7,"criterion_met":true,"wet_hours":15,"min_temp_c":25.2,"mean_wet_temp_c":25.61,"firing_model":"potato_early_blight_tomcast","firing_pathogen":"Alternaria solani","confidence":0.85}},{"type":"Feature","geometry":{"type":"Polygon","coordinates":[[[79.79,27.21],[79.81,27.21],[79.81,27.23],[79.79,27.23],[79.79,27.21]]]},"properties":{"cell_id":"FRK-R001-C020","band":"watch","risk":0.4,"physics_risk":0.4,"ml_delta":0.0,"dsv_today":0,"dsv_accum_7d":8,"criterion_met":true,"wet_hours":15,"min_temp_c":25.22,"mean_wet_temp_c":25.62,"firing_model":"potato_early_blight_tomcast","firing_pathogen":"Alternaria solani","confidence":0.85}},{"type":"Feature","geometry":{"type":"Polygon","coordinates":[[[79.39,27.23],[79.41,27.23],[79.41,27.25],[79.39,27.25],[79.39,27.23]]]},"properties":{"cell_id":"FRK-R002-C000","band":"watch","risk":0.35,"physics_risk":0.35,"ml_delta":0.0,"dsv_today":0,"dsv_accum_7d":7,"criterion_met":true,"wet_hours":16,"min_temp_c":25.1,"mean_wet_temp_c":25.59,"firing_model":"potato_early_blight_tomcast","firing_pathogen":"Alternaria solani","confidence":0.85}},{"type":"Feature","geometry":{"type":"Polygon","coordinates":[[[79.41,27.23],[79.43,27.23],[79.43,27.25],[79.41,27.25],[79.41,27.23]]]},"properties":{"cell_id":"FRK-R002-C001","band":"watch","risk":0.35,"physics_risk":0.35,"ml_delta":0.0,"dsv_today":0,"dsv_accum_7d":7,"criterion_met":true,"wet_hours":16,"min_temp_c":25.1,"mean_wet_temp_c":25.59,"firing_model":"potato_early_blight_tomcast","firing_pathogen":"Alternaria solani","confidence":0.85}},{"type":"Feature","geometry":{"type":"Polygon","coordinates":[[[79.43,27.23],[79.45,27.23],[79.45,27.25],[79.43,27.25],[79.43,27.23]]]},"properties":{"cell_id":"FRK-R002-C002","band":"watch","risk":0.35,"physics_risk":0.35,"ml_delta":0.0,"dsv_today":0,"dsv_accum_7d":7,"criterion_met":true,"wet_hours":16,"min_temp_c":25.1,"mean_wet_temp_c":25.58,"firing_model":"potato_early_blight_tomcast","firing_pathogen":"Alternaria solani","confidence":0.85}},{"type":"Feature","geometry":{"type":"Polygon","coordinates":[[[79.45,27.23],[79.47,27.23],[79.47,27.25],[79.45,27.25],[79.45,27.23]]]},"properties":{"cell_id":"FRK-R002-C003","band":"watch","risk":0.35,"physics_risk":0.35,"ml_delta":0.0,"dsv_today":0,"dsv_accum_7d":7,"criterion_met":true,"wet_hours":16,"min_temp_c":25.1,"mean_wet_temp_c":25.57,"firing_model":"potato_early_blight_tomcast","firing_pathogen":"Alternaria solani","confidence":0.85}},{"type":"Feature","geometry":{"type":"Polygon","coordinates":[[[79.47,27.23],[79.49,27.23],[79.49,27.25],[79.47,27.25],[79.47,27.23]]]},"properties":{"cell_id":"FRK-R002-C004","band":"watch","risk":0.35,"physics_risk":0.35,"ml_delta":0.0,"dsv_today":0,"dsv_accum_7d":7,"criterion_met":true,"wet_hours":16,"min_temp_c":25.1,"mean_wet_temp_c":25.57,"firing_model":"potato_early_blight_tomcast","firing_pathogen":"Alternaria solani","confidence":0.85}},{"type":"Feature","geometry":{"type":"Polygon","coordinates":[[[79.49,27.23],[79.51,27.23],[79.51,27.25],[79.49,27.25],[79.49,27.23]]]},"properties":{"cell_id":"FRK-R002-C005","band":"watch","risk":0.3,"physics_risk":0.3,"ml_delta":0.0,"dsv_today":0,"dsv_accum_7d":6,"criterion_met":true,"wet_hours":16,"min_temp_c":25.1,"mean_wet_temp_c":25.56,"firing_model":"potato_early_blight_tomcast","firing_pathogen":"Alternaria solani","confidence":0.85}},{"type":"Feature","geometry":{"type":"Polygon","coordinates":[[[79.51,27.23],[79.53,27.23],[79.53,27.25],[79.51,27.25],[79.51,27.23]]]},"properties":{"cell_id":"FRK-R002-C006","band":"watch","risk":0.35,"physics_risk":0.35,"ml_delta":0.0,"dsv_today":0,"dsv_accum_7d":7,"criterion_met":true,"wet_hours":16,"min_temp_c":25.09,"mean_wet_temp_c":25.56,"firing_model":"potato_early_blight_tomcast","firing_pathogen":"Alternaria solani","confidence":0.85}},{"type":"Feature","geometry":{"type":"Polygon","coordinates":[[[79.53,27.23],[79.55,27.23],[79.55,27.25],[79.53,27.25],[79.53,27.23]]]},"properties":{"cell_id":"FRK-R002-C007","band":"watch","risk":0.4,"physics_risk":0.4,"ml_delta":0.0,"dsv_today":0,"dsv_accum_7d":8,"criterion_met":true,"wet_hours":16,"min_temp_c":25.08,"mean_wet_temp_c":25.55,"firing_model":"potato_early_blight_tomcast","firing_pathogen":"Alternaria solani","confidence":0.85}},{"type":"Feature","geometry":{"type":"Polygon","coordinates":[[[79.55,27.23],[79.57,27.23],[79.57,27.25],[79.55,27.25],[79.55,27.23]]]},"properties":{"cell_id":"FRK-R002-C008","band":"watch","risk":0.4,"physics_risk":0.4,"ml_delta":0.0,"dsv_today":0,"dsv_accum_7d":8,"criterion_met":true,"wet_hours":16,"min_temp_c":25.06,"mean_wet_temp_c":25.55,"firing_model":"potato_early_blight_tomcast","firing_pathogen":"Alternaria solani","confidence":0.85}},{"type":"Feature","geometry":{"type":"Polygon","coordinates":[[[79.57,27.23],[79.59,27.23],[79.59,27.25],[79.57,27.25],[79.57,27.23]]]},"properties":{"cell_id":"FRK-R002-C009","band":"watch","risk":0.4,"physics_risk":0.4,"ml_delta":0.0,"dsv_today":0,"dsv_accum_7d":8,"criterion_met":true,"wet_hours":16,"min_temp_c":25.05,"mean_wet_temp_c":25.54,"firing_model":"potato_early_blight_tomcast","firing_pathogen":"Alternaria solani","confidence":0.85}},{"type":"Feature","geometry":{"type":"Polygon","coordinates":[[[79.59,27.23],[79.61,27.23],[79.61,27.25],[79.59,27.25],[79.59,27.23]]]},"properties":{"cell_id":"FRK-R002-C010","band":"watch","risk":0.5,"physics_risk":0.5,"ml_delta":0.0,"dsv_today":0,"dsv_accum_7d":10,"criterion_met":true,"wet_hours":16,"min_temp_c":25.04,"mean_wet_temp_c":25.54,"firing_model":"potato_early_blight_tomcast","firing_pathogen":"Alternaria solani","confidence":0.85}},{"type":"Feature","geometry":{"type":"Polygon","coordinates":[[[79.61,27.23],[79.63,27.23],[79.63,27.25],[79.61,27.25],[79.61,27.23]]]},"properties":{"cell_id":"FRK-R002-C011","band":"watch","risk":0.5,"physics_risk":0.5,"ml_delta":0.0,"dsv_today":0,"dsv_accum_7d":10,"criterion_met":true,"wet_hours":16,"min_temp_c":25.06,"mean_wet_temp_c":25.55,"firing_model":"potato_early_blight_tomcast","firing_pathogen":"Alternaria solani","confidence":0.85}},{"type":"Feature","geometry":{"type":"Polygon","coordinates":[[[79.63,27.23],[79.65,27.23],[79.65,27.25],[79.63,27.25],[79.63,27.23]]]},"properties":{"cell_id":"FRK-R002-C012","band":"watch","risk":0.5,"physics_risk":0.5,"ml_delta":0.0,"dsv_today":0,"dsv_accum_7d":10,"criterion_met":true,"wet_hours":16,"min_temp_c":25.08,"mean_wet_temp_c":25.55,"firing_model":"potato_early_blight_tomcast","firing_pathogen":"Alternaria solani","confidence":0.85}},{"type":"Feature","geometry":{"type":"Polygon","coordinates":[[[79.65,27.23],[79.67,27.23],[79.67,27.25],[79.65,27.25],[79.65,27.23]]]},"properties":{"cell_id":"FRK-R002-C013","band":"watch","risk":0.55,"physics_risk":0.55,"ml_delta":0.0,"dsv_today":0,"dsv_accum_7d":11,"criterion_met":true,"wet_hours":16,"min_temp_c":25.1,"mean_wet_temp_c":25.56,"firing_model":"potato_early_blight_tomcast","firing_pathogen":"Alternaria solani","confidence":0.85}},{"type":"Feature","geometry":{"type":"Polygon","coordinates":[[[79.67,27.23],[79.69,27.23],[79.69,27.25],[79.67,27.25],[79.67,27.23]]]},"properties":{"cell_id":"FRK-R002-C014","band":"watch","risk":0.55,"physics_risk":0.55,"ml_delta":0.0,"dsv_today":0,"dsv_accum_7d":11,"criterion_met":true,"wet_hours":16,"min_temp_c":25.12,"mean_wet_temp_c":25.57,"firing_model":"potato_early_blight_tomcast","firing_pathogen":"Alternaria solani","confidence":0.85}},{"type":"Feature","geometry":{"type":"Polygon","coordinates":[[[79.69,27.23],[79.71,27.23],[79.71,27.25],[79.69,27.25],[79.69,27.23]]]},"properties":{"cell_id":"FRK-R002-C015","band":"watch","risk":0.55,"physics_risk":0.55,"ml_delta":0.0,"dsv_today":0,"dsv_accum_7d":11,"criterion_met":true,"wet_hours":16,"min_temp_c":25.14,"mean_wet_temp_c":25.58,"firing_model":"potato_early_blight_tomcast","firing_pathogen":"Alternaria solani","confidence":0.85}},{"type":"Feature","geometry":{"type":"Polygon","coordinates":[[[79.71,27.23],[79.73,27.23],[79.73,27.25],[79.71,27.25],[79.71,27.23]]]},"properties":{"cell_id":"FRK-R002-C016","band":"watch","risk":0.45,"physics_risk":0.45,"ml_delta":0.0,"dsv_today":0,"dsv_accum_7d":9,"criterion_met":true,"wet_hours":16,"min_temp_c":25.16,"mean_wet_temp_c":25.59,"firing_model":"potato_early_blight_tomcast","firing_pathogen":"Alternaria solani","confidence":0.85}},{"type":"Feature","geometry":{"type":"Polygon","coordinates":[[[79.73,27.23],[79.75,27.23],[79.75,27.25],[79.73,27.25],[79.73,27.23]]]},"properties":{"cell_id":"FRK-R002-C017","band":"watch","risk":0.45,"physics_risk":0.45,"ml_delta":0.0,"dsv_today":0,"dsv_accum_7d":9,"criterion_met":true,"wet_hours":16,"min_temp_c":25.18,"mean_wet_temp_c":25.6,"firing_model":"potato_early_blight_tomcast","firing_pathogen":"Alternaria solani","confidence":0.85}},{"type":"Feature","geometry":{"type":"Polygon","coordinates":[[[79.75,27.23],[79.77,27.23],[79.77,27.25],[79.75,27.25],[79.75,27.23]]]},"properties":{"cell_id":"FRK-R002-C018","band":"watch","risk":0.45,"physics_risk":0.45,"ml_delta":0.0,"dsv_today":0,"dsv_accum_7d":9,"criterion_met":true,"wet_hours":15,"min_temp_c":25.2,"mean_wet_temp_c":25.62,"firing_model":"potato_early_blight_tomcast","firing_pathogen":"Alternaria solani","confidence":0.85}},{"type":"Feature","geometry":{"type":"Polygon","coordinates":[[[79.77,27.23],[79.79,27.23],[79.79,27.25],[79.77,27.25],[79.77,27.23]]]},"properties":{"cell_id":"FRK-R002-C019","band":"watch","risk":0.4,"physics_risk":0.4,"ml_delta":0.0,"dsv_today":0,"dsv_accum_7d":8,"criterion_met":true,"wet_hours":15,"min_temp_c":25.22,"mean_wet_temp_c":25.64,"firing_model":"potato_early_blight_tomcast","firing_pathogen":"Alternaria solani","confidence":0.85}},{"type":"Feature","geometry":{"type":"Polygon","coordinates":[[[79.79,27.23],[79.81,27.23],[79.81,27.25],[79.79,27.25],[79.79,27.23]]]},"properties":{"cell_id":"FRK-R002-C020","band":"watch","risk":0.45,"physics_risk":0.45,"ml_delta":0.0,"dsv_today":0,"dsv_accum_7d":9,"criterion_met":true,"wet_hours":15,"min_temp_c":25.24,"mean_wet_temp_c":25.65,"firing_model":"potato_early_blight_tomcast","firing_pathogen":"Alternaria solani","confidence":0.85}},{"type":"Feature","geometry":{"type":"Polygon","coordinates":[[[79.39,27.25],[79.41,27.25],[79.41,27.27],[79.39,27.27],[79.39,27.25]]]},"properties":{"cell_id":"FRK-R003-C000","band":"watch","risk":0.35,"physics_risk":0.35,"ml_delta":0.0,"dsv_today":0,"dsv_accum_7d":7,"criterion_met":true,"wet_hours":16,"min_temp_c":25.1,"mean_wet_temp_c":25.61,"firing_model":"potato_early_blight_tomcast","firing_pathogen":"Alternaria solani","confidence":0.85}},{"type":"Feature","geometry":{"type":"Polygon","coordinates":[[[79.41,27.25],[79.43,27.25],[79.43,27.27],[79.41,27.27],[79.41,27.25]]]},"properties":{"cell_id":"FRK-R003-C001","band":"watch","risk":0.35,"physics_risk":0.35,"ml_delta":0.0,"dsv_today":0,"dsv_accum_7d":7,"criterion_met":true,"wet_hours":16,"min_temp_c":25.1,"mean_wet_temp_c":25.6,"firing_model":"potato_early_blight_tomcast","firing_pathogen":"Alternaria solani","confidence":0.85}},{"type":"Feature","geometry":{"type":"Polygon","coordinates":[[[79.43,27.25],[79.45,27.25],[79.45,27.27],[79.43,27.27],[79.43,27.25]]]},"properties":{"cell_id":"FRK-R003-C002","band":"watch","risk":0.35,"physics_risk":0.35,"ml_delta":0.0,"dsv_today":0,"dsv_accum_7d":7,"criterion_met":true,"wet_hours":16,"min_temp_c":25.1,"mean_wet_temp_c":25.59,"firing_model":"potato_early_blight_tomcast","firing_pathogen":"Alternaria solani","confidence":0.85}},{"type":"Feature","geometry":{"type":"Polygon","coordinates":[[[79.45,27.25],[79.47,27.25],[79.47,27.27],[79.45,27.27],[79.45,27.25]]]},"properties":{"cell_id":"FRK-R003-C003","band":"watch","risk":0.3,"physics_risk":0.3,"ml_delta":0.0,"dsv_today":0,"dsv_accum_7d":6,"criterion_met":true,"wet_hours":16,"min_temp_c":25.1,"mean_wet_temp_c":25.59,"firing_model":"potato_early_blight_tomcast","firing_pathogen":"Alternaria solani","confidence":0.85}},{"type":"Feature","geometry":{"type":"Polygon","coordinates":[[[79.47,27.25],[79.49,27.25],[79.49,27.27],[79.47,27.27],[79.47,27.25]]]},"properties":{"cell_id":"FRK-R003-C004","band":"watch","risk":0.3,"physics_risk":0.3,"ml_delta":0.0,"dsv_today":0,"dsv_accum_7d":6,"criterion_met":true,"wet_hours":16,"min_temp_c":25.1,"mean_wet_temp_c":25.58,"firing_model":"potato_early_blight_tomcast","firing_pathogen":"Alternaria solani","confidence":0.85}},{"type":"Feature","geometry":{"type":"Polygon","coordinates":[[[79.49,27.25],[79.51,27.25],[79.51,27.27],[79.49,27.27],[79.49,27.25]]]},"properties":{"cell_id":"FRK-R003-C005","band":"watch","risk":0.35,"physics_risk":0.35,"ml_delta":0.0,"dsv_today":0,"dsv_accum_7d":7,"criterion_met":true,"wet_hours":16,"min_temp_c":25.1,"mean_wet_temp_c":25.57,"firing_model":"potato_early_blight_tomcast","firing_pathogen":"Alternaria solani","confidence":0.85}},{"type":"Feature","geometry":{"type":"Polygon","coordinates":[[[79.51,27.25],[79.53,27.25],[79.53,27.27],[79.51,27.27],[79.51,27.25]]]},"properties":{"cell_id":"FRK-R003-C006","band":"watch","risk":0.35,"physics_risk":0.35,"ml_delta":0.0,"dsv_today":0,"dsv_accum_7d":7,"criterion_met":true,"wet_hours":16,"min_temp_c":25.09,"mean_wet_temp_c":25.57,"firing_model":"potato_early_blight_tomcast","firing_pathogen":"Alternaria solani","confidence":0.85}},{"type":"Feature","geometry":{"type":"Polygon","coordinates":[[[79.53,27.25],[79.55,27.25],[79.55,27.27],[79.53,27.27],[79.53,27.25]]]},"properties":{"cell_id":"FRK-R003-C007","band":"watch","risk":0.4,"physics_risk":0.4,"ml_delta":0.0,"dsv_today":0,"dsv_accum_7d":8,"criterion_met":true,"wet_hours":16,"min_temp_c":25.08,"mean_wet_temp_c":25.56,"firing_model":"potato_early_blight_tomcast","firing_pathogen":"Alternaria solani","confidence":0.85}},{"type":"Feature","geometry":{"type":"Polygon","coordinates":[[[79.55,27.25],[79.57,27.25],[79.57,27.27],[79.55,27.27],[79.55,27.25]]]},"properties":{"cell_id":"FRK-R003-C008","band":"watch","risk":0.4,"physics_risk":0.4,"ml_delta":0.0,"dsv_today":0,"dsv_accum_7d":8,"criterion_met":true,"wet_hours":16,"min_temp_c":25.08,"mean_wet_temp_c":25.56,"firing_model":"potato_early_blight_tomcast","firing_pathogen":"Alternaria solani","confidence":0.85}},{"type":"Feature","geometry":{"type":"Polygon","coordinates":[[[79.57,27.25],[79.59,27.25],[79.59,27.27],[79.57,27.27],[79.57,27.25]]]},"properties":{"cell_id":"FRK-R003-C009","band":"watch","risk":0.45,"physics_risk":0.45,"ml_delta":0.0,"dsv_today":0,"dsv_accum_7d":9,"criterion_met":true,"wet_hours":16,"min_temp_c":25.07,"mean_wet_temp_c":25.55,"firing_model":"potato_early_blight_tomcast","firing_pathogen":"Alternaria solani","confidence":0.85}},{"type":"Feature","geometry":{"type":"Polygon","coordinates":[[[79.59,27.25],[79.61,27.25],[79.61,27.27],[79.59,27.27],[79.59,27.25]]]},"properties":{"cell_id":"FRK-R003-C010","band":"watch","risk":0.45,"physics_risk":0.45,"ml_delta":0.0,"dsv_today":0,"dsv_accum_7d":9,"criterion_met":true,"wet_hours":16,"min_temp_c":25.06,"mean_wet_temp_c":25.55,"firing_model":"potato_early_blight_tomcast","firing_pathogen":"Alternaria solani","confidence":0.85}},{"type":"Feature","geometry":{"type":"Polygon","coordinates":[[[79.61,27.25],[79.63,27.25],[79.63,27.27],[79.61,27.27],[79.61,27.25]]]},"properties":{"cell_id":"FRK-R003-C011","band":"watch","risk":0.5,"physics_risk":0.5,"ml_delta":0.0,"dsv_today":0,"dsv_accum_7d":10,"criterion_met":true,"wet_hours":16,"min_temp_c":25.08,"mean_wet_temp_c":25.56,"firing_model":"potato_early_blight_tomcast","firing_pathogen":"Alternaria solani","confidence":0.85}},{"type":"Feature","geometry":{"type":"Polygon","coordinates":[[[79.63,27.25],[79.65,27.25],[79.65,27.27],[79.63,27.27],[79.63,27.25]]]},"properties":{"cell_id":"FRK-R003-C012","band":"watch","risk":0.5,"physics_risk":0.5,"ml_delta":0.0,"dsv_today":0,"dsv_accum_7d":10,"criterion_met":true,"wet_hours":16,"min_temp_c":25.1,"mean_wet_temp_c":25.57,"firing_model":"potato_early_blight_tomcast","firing_pathogen":"Alternaria solani","confidence":0.85}},{"type":"Feature","geometry":{"type":"Polygon","coordinates":[[[79.65,27.25],[79.67,27.25],[79.67,27.27],[79.65,27.27],[79.65,27.25]]]},"properties":{"cell_id":"FRK-R003-C013","band":"watch","risk":0.5,"physics_risk":0.5,"ml_delta":0.0,"dsv_today":0,"dsv_accum_7d":10,"criterion_met":true,"wet_hours":16,"min_temp_c":25.12,"mean_wet_temp_c":25.58,"firing_model":"potato_early_blight_tomcast","firing_pathogen":"Alternaria solani","confidence":0.85}},{"type":"Feature","geometry":{"type":"Polygon","coordinates":[[[79.67,27.25],[79.69,27.25],[79.69,27.27],[79.67,27.27],[79.67,27.25]]]},"properties":{"cell_id":"FRK-R003-C014","band":"watch","risk":0.5,"physics_risk":0.5,"ml_delta":0.0,"dsv_today":0,"dsv_accum_7d":10,"criterion_met":true,"wet_hours":16,"min_temp_c":25.14,"mean_wet_temp_c":25.59,"firing_model":"potato_early_blight_tomcast","firing_pathogen":"Alternaria solani","confidence":0.85}},{"type":"Feature","geometry":{"type":"Polygon","coordinates":[[[79.69,27.25],[79.71,27.25],[79.71,27.27],[79.69,27.27],[79.69,27.25]]]},"properties":{"cell_id":"FRK-R003-C015","band":"watch","risk":0.45,"physics_risk":0.45,"ml_delta":0.0,"dsv_today":0,"dsv_accum_7d":9,"criterion_met":true,"wet_hours":16,"min_temp_c":25.16,"mean_wet_temp_c":25.6,"firing_model":"potato_early_blight_tomcast","firing_pathogen":"Alternaria solani","confidence":0.85}},{"type":"Feature","geometry":{"type":"Polygon","coordinates":[[[79.71,27.25],[79.73,27.25],[79.73,27.27],[79.71,27.27],[79.71,27.25]]]},"properties":{"cell_id":"FRK-R003-C016","band":"watch","risk":0.45,"physics_risk":0.45,"ml_delta":0.0,"dsv_today":0,"dsv_accum_7d":9,"criterion_met":true,"wet_hours":16,"min_temp_c":25.18,"mean_wet_temp_c":25.62,"firing_model":"potato_early_blight_tomcast","firing_pathogen":"Alternaria solani","confidence":0.85}},{"type":"Feature","geometry":{"type":"Polygon","coordinates":[[[79.73,27.25],[79.75,27.25],[79.75,27.27],[79.73,27.27],[79.73,27.25]]]},"properties":{"cell_id":"FRK-R003-C017","band":"watch","risk":0.45,"physics_risk":0.45,"ml_delta":0.0,"dsv_today":0,"dsv_accum_7d":9,"criterion_met":true,"wet_hours":16,"min_temp_c":25.2,"mean_wet_temp_c":25.63,"firing_model":"potato_early_blight_tomcast","firing_pathogen":"Alternaria solani","confidence":0.85}},{"type":"Feature","geometry":{"type":"Polygon","coordinates":[[[79.75,27.25],[79.77,27.25],[79.77,27.27],[79.75,27.27],[79.75,27.25]]]},"properties":{"cell_id":"FRK-R003-C018","band":"watch","risk":0.4,"physics_risk":0.4,"ml_delta":0.0,"dsv_today":0,"dsv_accum_7d":8,"criterion_met":true,"wet_hours":16,"min_temp_c":25.22,"mean_wet_temp_c":25.65,"firing_model":"potato_early_blight_tomcast","firing_pathogen":"Alternaria solani","confidence":0.85}},{"type":"Feature","geometry":{"type":"Polygon","coordinates":[[[79.77,27.25],[79.79,27.25],[79.79,27.27],[79.77,27.27],[79.77,27.25]]]},"properties":{"cell_id":"FRK-R003-C019","band":"watch","risk":0.4,"physics_risk":0.4,"ml_delta":0.0,"dsv_today":0,"dsv_accum_7d":8,"criterion_met":true,"wet_hours":15,"min_temp_c":25.24,"mean_wet_temp_c":25.66,"firing_model":"potato_early_blight_tomcast","firing_pathogen":"Alternaria solani","confidence":0.85}},{"type":"Feature","geometry":{"type":"Polygon","coordinates":[[[79.79,27.25],[79.81,27.25],[79.81,27.27],[79.79,27.27],[79.79,27.25]]]},"properties":{"cell_id":"FRK-R003-C020","band":"watch","risk":0.4,"physics_risk":0.4,"ml_delta":0.0,"dsv_today":0,"dsv_accum_7d":8,"criterion_met":true,"wet_hours":15,"min_temp_c":25.26,"mean_wet_temp_c":25.68,"firing_model":"potato_early_blight_tomcast","firing_pathogen":"Alternaria solani","confidence":0.85}},{"type":"Feature","geometry":{"type":"Polygon","coordinates":[[[79.39,27.27],[79.41,27.27],[79.41,27.29],[79.39,27.29],[79.39,27.27]]]},"properties":{"cell_id":"FRK-R004-C000","band":"watch","risk":0.35,"physics_risk":0.35,"ml_delta":0.0,"dsv_today":0,"dsv_accum_7d":7,"criterion_met":true,"wet_hours":16,"min_temp_c":25.1,"mean_wet_temp_c":25.62,"firing_model":"potato_early_blight_tomcast","firing_pathogen":"Alternaria solani","confidence":0.85}},{"type":"Feature","geometry":{"type":"Polygon","coordinates":[[[79.41,27.27],[79.43,27.27],[79.43,27.29],[79.41,27.29],[79.41,27.27]]]},"properties":{"cell_id":"FRK-R004-C001","band":"watch","risk":0.35,"physics_risk":0.35,"ml_delta":0.0,"dsv_today":0,"dsv_accum_7d":7,"criterion_met":true,"wet_hours":16,"min_temp_c":25.1,"mean_wet_temp_c":25.62,"firing_model":"potato_early_blight_tomcast","firing_pathogen":"Alternaria solani","confidence":0.85}},{"type":"Feature","geometry":{"type":"Polygon","coordinates":[[[79.43,27.27],[79.45,27.27],[79.45,27.29],[79.43,27.29],[79.43,27.27]]]},"properties":{"cell_id":"FRK-R004-C002","band":"watch","risk":0.3,"physics_risk":0.3,"ml_delta":0.0,"dsv_today":0,"dsv_accum_7d":6,"criterion_met":true,"wet_hours":16,"min_temp_c":25.1,"mean_wet_temp_c":25.61,"firing_model":"potato_early_blight_tomcast","firing_pathogen":"Alternaria solani","confidence":0.85}},{"type":"Feature","geometry":{"type":"Polygon","coordinates":[[[79.45,27.27],[79.47,27.27],[79.47,27.29],[79.45,27.29],[79.45,27.27]]]},"properties":{"cell_id":"FRK-R004-C003","band":"watch","risk":0.3,"physics_risk":0.3,"ml_delta":0.0,"dsv_today":0,"dsv_accum_7d":6,"criterion_met":true,"wet_hours":16,"min_temp_c":25.1,"mean_wet_temp_c":25.6,"firing_model":"potato_early_blight_tomcast","firing_pathogen":"Alternaria solani","confidence":0.85}},{"type":"Feature","geometry":{"type":"Polygon","coordinates":[[[79.47,27.27],[79.49,27.27],[79.49,27.29],[79.47,27.29],[79.47,27.27]]]},"properties":{"cell_id":"FRK-R004-C004","band":"watch","risk":0.35,"physics_risk":0.35,"ml_delta":0.0,"dsv_today":0,"dsv_accum_7d":7,"criterion_met":true,"wet_hours":16,"min_temp_c":25.1,"mean_wet_temp_c":25.59,"firing_model":"potato_early_blight_tomcast","firing_pathogen":"Alternaria solani","confidence":0.85}},{"type":"Feature","geometry":{"type":"Polygon","coordinates":[[[79.49,27.27],[79.51,27.27],[79.51,27.29],[79.49,27.29],[79.49,27.27]]]},"properties":{"cell_id":"FRK-R004-C005","band":"watch","risk":0.4,"physics_risk":0.4,"ml_delta":0.0,"dsv_today":0,"dsv_accum_7d":8,"criterion_met":true,"wet_hours":16,"min_temp_c":25.1,"mean_wet_temp_c":25.59,"firing_model":"potato_early_blight_tomcast","firing_pathogen":"Alternaria solani","confidence":0.85}},{"type":"Feature","geometry":{"type":"Polygon","coordinates":[[[79.51,27.27],[79.53,27.27],[79.53,27.29],[79.51,27.29],[79.51,27.27]]]},"properties":{"cell_id":"FRK-R004-C006","band":"watch","risk":0.4,"physics_risk":0.4,"ml_delta":0.0,"dsv_today":0,"dsv_accum_7d":8,"criterion_met":true,"wet_hours":16,"min_temp_c":25.1,"mean_wet_temp_c":25.58,"firing_model":"potato_early_blight_tomcast","firing_pathogen":"Alternaria solani","confidence":0.85}},{"type":"Feature","geometry":{"type":"Polygon","coordinates":[[[79.53,27.27],[79.55,27.27],[79.55,27.29],[79.53,27.29],[79.53,27.27]]]},"properties":{"cell_id":"FRK-R004-C007","band":"watch","risk":0.4,"physics_risk":0.4,"ml_delta":0.0,"dsv_today":0,"dsv_accum_7d":8,"criterion_met":true,"wet_hours":16,"min_temp_c":25.09,"mean_wet_temp_c":25.57,"firing_model":"potato_early_blight_tomcast","firing_pathogen":"Alternaria solani","confidence":0.85}},{"type":"Feature","geometry":{"type":"Polygon","coordinates":[[[79.55,27.27],[79.57,27.27],[79.57,27.29],[79.55,27.29],[79.55,27.27]]]},"properties":{"cell_id":"FRK-R004-C008","band":"watch","risk":0.45,"physics_risk":0.45,"ml_delta":0.0,"dsv_today":0,"dsv_accum_7d":9,"criterion_met":true,"wet_hours":16,"min_temp_c":25.09,"mean_wet_temp_c":25.57,"firing_model":"potato_early_blight_tomcast","firing_pathogen":"Alternaria solani","confidence":0.85}},{"type":"Feature","geometry":{"type":"Polygon","coordinates":[[[79.57,27.27],[79.59,27.27],[79.59,27.29],[79.57,27.29],[79.57,27.27]]]},"properties":{"cell_id":"FRK-R004-C009","band":"watch","risk":0.45,"physics_risk":0.45,"ml_delta":0.0,"dsv_today":0,"dsv_accum_7d":9,"criterion_met":true,"wet_hours":16,"min_temp_c":25.08,"mean_wet_temp_c":25.56,"firing_model":"potato_early_blight_tomcast","firing_pathogen":"Alternaria solani","confidence":0.85}},{"type":"Feature","geometry":{"type":"Polygon","coordinates":[[[79.59,27.27],[79.61,27.27],[79.61,27.29],[79.59,27.29],[79.59,27.27]]]},"properties":{"cell_id":"FRK-R004-C010","band":"watch","risk":0.45,"physics_risk":0.45,"ml_delta":0.0,"dsv_today":0,"dsv_accum_7d":9,"criterion_met":true,"wet_hours":16,"min_temp_c":25.08,"mean_wet_temp_c":25.55,"firing_model":"potato_early_blight_tomcast","firing_pathogen":"Alternaria solani","confidence":0.85}},{"type":"Feature","geometry":{"type":"Polygon","coordinates":[[[79.61,27.27],[79.63,27.27],[79.63,27.29],[79.61,27.29],[79.61,27.27]]]},"properties":{"cell_id":"FRK-R004-C011","band":"watch","risk":0.45,"physics_risk":0.45,"ml_delta":0.0,"dsv_today":0,"dsv_accum_7d":9,"criterion_met":true,"wet_hours":16,"min_temp_c":25.1,"mean_wet_temp_c":25.57,"firing_model":"potato_early_blight_tomcast","firing_pathogen":"Alternaria solani","confidence":0.85}},{"type":"Feature","geometry":{"type":"Polygon","coordinates":[[[79.63,27.27],[79.65,27.27],[79.65,27.29],[79.63,27.29],[79.63,27.27]]]},"properties":{"cell_id":"FRK-R004-C012","band":"watch","risk":0.45,"physics_risk":0.45,"ml_delta":0.0,"dsv_today":0,"dsv_accum_7d":9,"criterion_met":true,"wet_hours":16,"min_temp_c":25.12,"mean_wet_temp_c":25.58,"firing_model":"potato_early_blight_tomcast","firing_pathogen":"Alternaria solani","confidence":0.85}},{"type":"Feature","geometry":{"type":"Polygon","coordinates":[[[79.65,27.27],[79.67,27.27],[79.67,27.29],[79.65,27.29],[79.65,27.27]]]},"properties":{"cell_id":"FRK-R004-C013","band":"watch","risk":0.5,"physics_risk":0.5,"ml_delta":0.0,"dsv_today":0,"dsv_accum_7d":10,"criterion_met":true,"wet_hours":16,"min_temp_c":25.14,"mean_wet_temp_c":25.6,"firing_model":"potato_early_blight_tomcast","firing_pathogen":"Alternaria solani","confidence":0.85}},{"type":"Feature","geometry":{"type":"Polygon","coordinates":[[[79.67,27.27],[79.69,27.27],[79.69,27.29],[79.67,27.29],[79.67,27.27]]]},"properties":{"cell_id":"FRK-R004-C014","band":"watch","risk":0.5,"physics_risk":0.5,"ml_delta":0.0,"dsv_today":0,"dsv_accum_7d":10,"criterion_met":true,"wet_hours":16,"min_temp_c":25.16,"mean_wet_temp_c":25.61,"firing_model":"potato_early_blight_tomcast","firing_pathogen":"Alternaria solani","confidence":0.85}},{"type":"Feature","geometry":{"type":"Polygon","coordinates":[[[79.69,27.27],[79.71,27.27],[79.71,27.29],[79.69,27.29],[79.69,27.27]]]},"properties":{"cell_id":"FRK-R004-C015","band":"watch","risk":0.5,"physics_risk":0.5,"ml_delta":0.0,"dsv_today":0,"dsv_accum_7d":10,"criterion_met":true,"wet_hours":16,"min_temp_c":25.18,"mean_wet_temp_c":25.63,"firing_model":"potato_early_blight_tomcast","firing_pathogen":"Alternaria solani","confidence":0.85}},{"type":"Feature","geometry":{"type":"Polygon","coordinates":[[[79.71,27.27],[79.73,27.27],[79.73,27.29],[79.71,27.29],[79.71,27.27]]]},"properties":{"cell_id":"FRK-R004-C016","band":"watch","risk":0.45,"physics_risk":0.45,"ml_delta":0.0,"dsv_today":0,"dsv_accum_7d":9,"criterion_met":true,"wet_hours":16,"min_temp_c":25.2,"mean_wet_temp_c":25.64,"firing_model":"potato_early_blight_tomcast","firing_pathogen":"Alternaria solani","confidence":0.85}},{"type":"Feature","geometry":{"type":"Polygon","coordinates":[[[79.73,27.27],[79.75,27.27],[79.75,27.29],[79.73,27.29],[79.73,27.27]]]},"properties":{"cell_id":"FRK-R004-C017","band":"watch","risk":0.45,"physics_risk":0.45,"ml_delta":0.0,"dsv_today":0,"dsv_accum_7d":9,"criterion_met":true,"wet_hours":16,"min_temp_c":25.22,"mean_wet_temp_c":25.65,"firing_model":"potato_early_blight_tomcast","firing_pathogen":"Alternaria solani","confidence":0.85}},{"type":"Feature","geometry":{"type":"Polygon","coordinates":[[[79.75,27.27],[79.77,27.27],[79.77,27.29],[79.75,27.29],[79.75,27.27]]]},"properties":{"cell_id":"FRK-R004-C018","band":"watch","risk":0.4,"physics_risk":0.4,"ml_delta":0.0,"dsv_today":0,"dsv_accum_7d":8,"criterion_met":true,"wet_hours":16,"min_temp_c":25.24,"mean_wet_temp_c":25.67,"firing_model":"potato_early_blight_tomcast","firing_pathogen":"Alternaria solani","confidence":0.85}},{"type":"Feature","geometry":{"type":"Polygon","coordinates":[[[79.77,27.27],[79.79,27.27],[79.79,27.29],[79.77,27.29],[79.77,27.27]]]},"properties":{"cell_id":"FRK-R004-C019","band":"watch","risk":0.4,"physics_risk":0.4,"ml_delta":0.0,"dsv_today":0,"dsv_accum_7d":8,"criterion_met":true,"wet_hours":15,"min_temp_c":25.26,"mean_wet_temp_c":25.69,"firing_model":"potato_early_blight_tomcast","firing_pathogen":"Alternaria solani","confidence":0.85}},{"type":"Feature","geometry":{"type":"Polygon","coordinates":[[[79.79,27.27],[79.81,27.27],[79.81,27.29],[79.79,27.29],[79.79,27.27]]]},"properties":{"cell_id":"FRK-R004-C020","band":"watch","risk":0.4,"physics_risk":0.4,"ml_delta":0.0,"dsv_today":0,"dsv_accum_7d":8,"criterion_met":true,"wet_hours":15,"min_temp_c":25.28,"mean_wet_temp_c":25.7,"firing_model":"potato_early_blight_tomcast","firing_pathogen":"Alternaria solani","confidence":0.85}},{"type":"Feature","geometry":{"type":"Polygon","coordinates":[[[79.39,27.29],[79.41,27.29],[79.41,27.31],[79.39,27.31],[79.39,27.29]]]},"properties":{"cell_id":"FRK-R005-C000","band":"watch","risk":0.4,"physics_risk":0.4,"ml_delta":0.0,"dsv_today":0,"dsv_accum_7d":8,"criterion_met":true,"wet_hours":16,"min_temp_c":25.0,"mean_wet_temp_c":25.64,"firing_model":"potato_early_blight_tomcast","firing_pathogen":"Alternaria solani","confidence":0.85}},{"type":"Feature","geometry":{"type":"Polygon","coordinates":[[[79.41,27.29],[79.43,27.29],[79.43,27.31],[79.41,27.31],[79.41,27.29]]]},"properties":{"cell_id":"FRK-R005-C001","band":"watch","risk":0.35,"physics_risk":0.35,"ml_delta":0.0,"dsv_today":0,"dsv_accum_7d":7,"criterion_met":true,"wet_hours":16,"min_temp_c":25.04,"mean_wet_temp_c":25.63,"firing_model":"potato_early_blight_tomcast","firing_pathogen":"Alternaria solani","confidence":0.85}},{"type":"Feature","geometry":{"type":"Polygon","coordinates":[[[79.43,27.29],[79.45,27.29],[79.45,27.31],[79.43,27.31],[79.43,27.29]]]},"properties":{"cell_id":"FRK-R005-C002","band":"watch","risk":0.35,"physics_risk":0.35,"ml_delta":0.0,"dsv_today":0,"dsv_accum_7d":7,"criterion_met":true,"wet_hours":16,"min_temp_c":25.08,"mean_wet_temp_c":25.62,"firing_model":"potato_early_blight_tomcast","firing_pathogen":"Alternaria solani","confidence":0.85}},{"type":"Feature","geometry":{"type":"Polygon","coordinates":[[[79.45,27.29],[79.47,27.29],[79.47,27.31],[79.45,27.31],[79.45,27.29]]]},"properties":{"cell_id":"FRK-R005-C003","band":"watch","risk":0.35,"physics_risk":0.35,"ml_delta":0.0,"dsv_today":0,"dsv_accum_7d":7,"criterion_met":true,"wet_hours":16,"min_temp_c":25.1,"mean_wet_temp_c":25.62,"firing_model":"potato_early_blight_tomcast","firing_pathogen":"Alternaria solani","confidence":0.85}},{"type":"Feature","geometry":{"type":"Polygon","coordinates":[[[79.47,27.29],[79.49,27.29],[79.49,27.31],[79.47,27.31],[79.47,27.29]]]},"properties":{"cell_id":"FRK-R005-C004","band":"watch","risk":0.4,"physics_risk":0.4,"ml_delta":0.0,"dsv_today":0,"dsv_accum_7d":8,"criterion_met":true,"wet_hours":16,"min_temp_c":25.1,"mean_wet_temp_c":25.61,"firing_model":"potato_early_blight_tomcast","firing_pathogen":"Alternaria solani","confidence":0.85}},{"type":"Feature","geometry":{"type":"Polygon","coordinates":[[[79.49,27.29],[79.51,27.29],[79.51,27.31],[79.49,27.31],[79.49,27.29]]]},"properties":{"cell_id":"FRK-R005-C005","band":"watch","risk":0.4,"physics_risk":0.4,"ml_delta":0.0,"dsv_today":0,"dsv_accum_7d":8,"criterion_met":true,"wet_hours":16,"min_temp_c":25.1,"mean_wet_temp_c":25.6,"firing_model":"potato_early_blight_tomcast","firing_pathogen":"Alternaria solani","confidence":0.85}},{"type":"Feature","geometry":{"type":"Polygon","coordinates":[[[79.51,27.29],[79.53,27.29],[79.53,27.31],[79.51,27.31],[79.51,27.29]]]},"properties":{"cell_id":"FRK-R005-C006","band":"watch","risk":0.45,"physics_risk":0.45,"ml_delta":0.0,"dsv_today":0,"dsv_accum_7d":9,"criterion_met":true,"wet_hours":16,"min_temp_c":25.1,"mean_wet_temp_c":25.59,"firing_model":"potato_early_blight_tomcast","firing_pathogen":"Alternaria solani","confidence":0.85}},{"type":"Feature","geometry":{"type":"Polygon","coordinates":[[[79.53,27.29],[79.55,27.29],[79.55,27.31],[79.53,27.31],[79.53,27.29]]]},"properties":{"cell_id":"FRK-R005-C007","band":"watch","risk":0.45,"physics_risk":0.45,"ml_delta":0.0,"dsv_today":0,"dsv_accum_7d":9,"criterion_met":true,"wet_hours":16,"min_temp_c":25.1,"mean_wet_temp_c":25.58,"firing_model":"potato_early_blight_tomcast","firing_pathogen":"Alternaria solani","confidence":0.85}},{"type":"Feature","geometry":{"type":"Polygon","coordinates":[[[79.55,27.29],[79.57,27.29],[79.57,27.31],[79.55,27.31],[79.55,27.29]]]},"properties":{"cell_id":"FRK-R005-C008","band":"watch","risk":0.45,"physics_risk":0.45,"ml_delta":0.0,"dsv_today":0,"dsv_accum_7d":9,"criterion_met":true,"wet_hours":16,"min_temp_c":25.1,"mean_wet_temp_c":25.58,"firing_model":"potato_early_blight_tomcast","firing_pathogen":"Alternaria solani","confidence":0.85}},{"type":"Feature","geometry":{"type":"Polygon","coordinates":[[[79.57,27.29],[79.59,27.29],[79.59,27.31],[79.57,27.31],[79.57,27.29]]]},"properties":{"cell_id":"FRK-R005-C009","band":"watch","risk":0.45,"physics_risk":0.45,"ml_delta":0.0,"dsv_today":0,"dsv_accum_7d":9,"criterion_met":true,"wet_hours":16,"min_temp_c":25.1,"mean_wet_temp_c":25.57,"firing_model":"potato_early_blight_tomcast","firing_pathogen":"Alternaria solani","confidence":0.85}},{"type":"Feature","geometry":{"type":"Polygon","coordinates":[[[79.59,27.29],[79.61,27.29],[79.61,27.31],[79.59,27.31],[79.59,27.29]]]},"properties":{"cell_id":"FRK-R005-C010","band":"watch","risk":0.45,"physics_risk":0.45,"ml_delta":0.0,"dsv_today":0,"dsv_accum_7d":9,"criterion_met":true,"wet_hours":16,"min_temp_c":25.1,"mean_wet_temp_c":25.56,"firing_model":"potato_early_blight_tomcast","firing_pathogen":"Alternaria solani","confidence":0.85}},{"type":"Feature","geometry":{"type":"Polygon","coordinates":[[[79.61,27.29],[79.63,27.29],[79.63,27.31],[79.61,27.31],[79.61,27.29]]]},"properties":{"cell_id":"FRK-R005-C011","band":"watch","risk":0.45,"physics_risk":0.45,"ml_delta":0.0,"dsv_today":0,"dsv_accum_7d":9,"criterion_met":true,"wet_hours":16,"min_temp_c":25.12,"mean_wet_temp_c":25.58,"firing_model":"potato_early_blight_tomcast","firing_pathogen":"Alternaria solani","confidence":0.85}},{"type":"Feature","geometry":{"type":"Polygon","coordinates":[[[79.63,27.29],[79.65,27.29],[79.65,27.31],[79.63,27.31],[79.63,27.29]]]},"properties":{"cell_id":"FRK-R005-C012","band":"watch","risk":0.45,"physics_risk":0.45,"ml_delta":0.0,"dsv_today":0,"dsv_accum_7d":9,"criterion_met":true,"wet_hours":16,"min_temp_c":25.14,"mean_wet_temp_c":25.6,"firing_model":"potato_early_blight_tomcast","firing_pathogen":"Alternaria solani","confidence":0.85}},{"type":"Feature","geometry":{"type":"Polygon","coordinates":[[[79.65,27.29],[79.67,27.29],[79.67,27.31],[79.65,27.31],[79.65,27.29]]]},"properties":{"cell_id":"FRK-R005-C013","band":"watch","risk":0.45,"physics_risk":0.45,"ml_delta":0.0,"dsv_today":0,"dsv_accum_7d":9,"criterion_met":true,"wet_hours":16,"min_temp_c":25.16,"mean_wet_temp_c":25.61,"firing_model":"potato_early_blight_tomcast","firing_pathogen":"Alternaria solani","confidence":0.85}},{"type":"Feature","geometry":{"type":"Polygon","coordinates":[[[79.67,27.29],[79.69,27.29],[79.69,27.31],[79.67,27.31],[79.67,27.29]]]},"properties":{"cell_id":"FRK-R005-C014","band":"watch","risk":0.5,"physics_risk":0.5,"ml_delta":0.0,"dsv_today":0,"dsv_accum_7d":10,"criterion_met":true,"wet_hours":16,"min_temp_c":25.18,"mean_wet_temp_c":25.63,"firing_model":"potato_early_blight_tomcast","firing_pathogen":"Alternaria solani","confidence":0.85}},{"type":"Feature","geometry":{"type":"Polygon","coordinates":[[[79.69,27.29],[79.71,27.29],[79.71,27.31],[79.69,27.31],[79.69,27.29]]]},"properties":{"cell_id":"FRK-R005-C015","band":"watch","risk":0.5,"physics_risk":0.5,"ml_delta":0.0,"dsv_today":0,"dsv_accum_7d":10,"criterion_met":true,"wet_hours":16,"min_temp_c":25.2,"mean_wet_temp_c":25.65,"firing_model":"potato_early_blight_tomcast","firing_pathogen":"Alternaria solani","confidence":0.85}},{"type":"Feature","geometry":{"type":"Polygon","coordinates":[[[79.71,27.29],[79.73,27.29],[79.73,27.31],[79.71,27.31],[79.71,27.29]]]},"properties":{"cell_id":"FRK-R005-C016","band":"watch","risk":0.5,"physics_risk":0.5,"ml_delta":0.0,"dsv_today":0,"dsv_accum_7d":10,"criterion_met":true,"wet_hours":16,"min_temp_c":25.22,"mean_wet_temp_c":25.67,"firing_model":"potato_early_blight_tomcast","firing_pathogen":"Alternaria solani","confidence":0.85}},{"type":"Feature","geometry":{"type":"Polygon","coordinates":[[[79.73,27.29],[79.75,27.29],[79.75,27.31],[79.73,27.31],[79.73,27.29]]]},"properties":{"cell_id":"FRK-R005-C017","band":"watch","risk":0.4,"physics_risk":0.4,"ml_delta":0.0,"dsv_today":0,"dsv_accum_7d":8,"criterion_met":true,"wet_hours":16,"min_temp_c":25.24,"mean_wet_temp_c":25.68,"firing_model":"potato_early_blight_tomcast","firing_pathogen":"Alternaria solani","confidence":0.85}},{"type":"Feature","geometry":{"type":"Polygon","coordinates":[[[79.75,27.29],[79.77,27.29],[79.77,27.31],[79.75,27.31],[79.75,27.29]]]},"properties":{"cell_id":"FRK-R005-C018","band":"watch","risk":0.4,"physics_risk":0.4,"ml_delta":0.0,"dsv_today":0,"dsv_accum_7d":8,"criterion_met":true,"wet_hours":16,"min_temp_c":25.26,"mean_wet_temp_c":25.7,"firing_model":"potato_early_blight_tomcast","firing_pathogen":"Alternaria solani","confidence":0.85}},{"type":"Feature","geometry":{"type":"Polygon","coordinates":[[[79.77,27.29],[79.79,27.29],[79.79,27.31],[79.77,27.31],[79.77,27.29]]]},"properties":{"cell_id":"FRK-R005-C019","band":"watch","risk":0.4,"physics_risk":0.4,"ml_delta":0.0,"dsv_today":0,"dsv_accum_7d":8,"criterion_met":true,"wet_hours":16,"min_temp_c":25.28,"mean_wet_temp_c":25.71,"firing_model":"potato_early_blight_tomcast","firing_pathogen":"Alternaria solani","confidence":0.85}},{"type":"Feature","geometry":{"type":"Polygon","coordinates":[[[79.79,27.29],[79.81,27.29],[79.81,27.31],[79.79,27.31],[79.79,27.29]]]},"properties":{"cell_id":"FRK-R005-C020","band":"watch","risk":0.45,"physics_risk":0.45,"ml_delta":0.0,"dsv_today":0,"dsv_accum_7d":9,"criterion_met":true,"wet_hours":15,"min_temp_c":25.3,"mean_wet_temp_c":25.73,"firing_model":"potato_early_blight_tomcast","firing_pathogen":"Alternaria solani","confidence":0.85}},{"type":"Feature","geometry":{"type":"Polygon","coordinates":[[[79.39,27.31],[79.41,27.31],[79.41,27.33],[79.39,27.33],[79.39,27.31]]]},"properties":{"cell_id":"FRK-R006-C000","band":"watch","risk":0.4,"physics_risk":0.4,"ml_delta":0.0,"dsv_today":0,"dsv_accum_7d":8,"criterion_met":true,"wet_hours":16,"min_temp_c":25.04,"mean_wet_temp_c":25.63,"firing_model":"potato_early_blight_tomcast","firing_pathogen":"Alternaria solani","confidence":0.85}},{"type":"Feature","geometry":{"type":"Polygon","coordinates":[[[79.41,27.31],[79.43,27.31],[79.43,27.33],[79.41,27.33],[79.41,27.31]]]},"properties":{"cell_id":"FRK-R006-C001","band":"watch","risk":0.4,"physics_risk":0.4,"ml_delta":0.0,"dsv_today":0,"dsv_accum_7d":8,"criterion_met":true,"wet_hours":16,"min_temp_c":25.08,"mean_wet_temp_c":25.63,"firing_model":"potato_early_blight_tomcast","firing_pathogen":"Alternaria solani","confidence":0.85}},{"type":"Feature","geometry":{"type":"Polygon","coordinates":[[[79.43,27.31],[79.45,27.31],[79.45,27.33],[79.43,27.33],[79.43,27.31]]]},"properties":{"cell_id":"FRK-R006-C002","band":"watch","risk":0.4,"physics_risk":0.4,"ml_delta":0.0,"dsv_today":0,"dsv_accum_7d":8,"criterion_met":true,"wet_hours":16,"min_temp_c":25.11,"mean_wet_temp_c":25.62,"firing_model":"potato_early_blight_tomcast","firing_pathogen":"Alternaria solani","confidence":0.85}},{"type":"Feature","geometry":{"type":"Polygon","coordinates":[[[79.45,27.31],[79.47,27.31],[79.47,27.33],[79.45,27.33],[79.45,27.31]]]},"properties":{"cell_id":"FRK-R006-C003","band":"watch","risk":0.4,"physics_risk":0.4,"ml_delta":0.0,"dsv_today":0,"dsv_accum_7d":8,"criterion_met":true,"wet_hours":16,"min_temp_c":25.11,"mean_wet_temp_c":25.62,"firing_model":"potato_early_blight_tomcast","firing_pathogen":"Alternaria solani","confidence":0.85}},{"type":"Feature","geometry":{"type":"Polygon","coordinates":[[[79.47,27.31],[79.49,27.31],[79.49,27.33],[79.47,27.33],[79.47,27.31]]]},"properties":{"cell_id":"FRK-R006-C004","band":"watch","risk":0.4,"physics_risk":0.4,"ml_delta":0.0,"dsv_today":0,"dsv_accum_7d":8,"criterion_met":true,"wet_hours":16,"min_temp_c":25.12,"mean_wet_temp_c":25.61,"firing_model":"potato_early_blight_tomcast","firing_pathogen":"Alternaria solani","confidence":0.85}},{"type":"Feature","geometry":{"type":"Polygon","coordinates":[[[79.49,27.31],[79.51,27.31],[79.51,27.33],[79.49,27.33],[79.49,27.31]]]},"properties":{"cell_id":"FRK-R006-C005","band":"watch","risk":0.45,"physics_risk":0.45,"ml_delta":0.0,"dsv_today":0,"dsv_accum_7d":9,"criterion_met":true,"wet_hours":16,"min_temp_c":25.12,"mean_wet_temp_c":25.61,"firing_model":"potato_early_blight_tomcast","firing_pathogen":"Alternaria solani","confidence":0.85}},{"type":"Feature","geometry":{"type":"Polygon","coordinates":[[[79.51,27.31],[79.53,27.31],[79.53,27.33],[79.51,27.33],[79.51,27.31]]]},"properties":{"cell_id":"FRK-R006-C006","band":"watch","risk":0.45,"physics_risk":0.45,"ml_delta":0.0,"dsv_today":0,"dsv_accum_7d":9,"criterion_met":true,"wet_hours":16,"min_temp_c":25.12,"mean_wet_temp_c":25.61,"firing_model":"potato_early_blight_tomcast","firing_pathogen":"Alternaria solani","confidence":0.85}},{"type":"Feature","geometry":{"type":"Polygon","coordinates":[[[79.53,27.31],[79.55,27.31],[79.55,27.33],[79.53,27.33],[79.53,27.31]]]},"properties":{"cell_id":"FRK-R006-C007","band":"watch","risk":0.45,"physics_risk":0.45,"ml_delta":0.0,"dsv_today":0,"dsv_accum_7d":9,"criterion_met":true,"wet_hours":16,"min_temp_c":25.13,"mean_wet_temp_c":25.6,"firing_model":"potato_early_blight_tomcast","firing_pathogen":"Alternaria solani","confidence":0.85}},{"type":"Feature","geometry":{"type":"Polygon","coordinates":[[[79.55,27.31],[79.57,27.31],[79.57,27.33],[79.55,27.33],[79.55,27.31]]]},"properties":{"cell_id":"FRK-R006-C008","band":"watch","risk":0.45,"physics_risk":0.45,"ml_delta":0.0,"dsv_today":0,"dsv_accum_7d":9,"criterion_met":true,"wet_hours":16,"min_temp_c":25.13,"mean_wet_temp_c":25.6,"firing_model":"potato_early_blight_tomcast","firing_pathogen":"Alternaria solani","confidence":0.85}},{"type":"Feature","geometry":{"type":"Polygon","coordinates":[[[79.57,27.31],[79.59,27.31],[79.59,27.33],[79.57,27.33],[79.57,27.31]]]},"properties":{"cell_id":"FRK-R006-C009","band":"watch","risk":0.45,"physics_risk":0.45,"ml_delta":0.0,"dsv_today":0,"dsv_accum_7d":9,"criterion_met":true,"wet_hours":16,"min_temp_c":25.14,"mean_wet_temp_c":25.6,"firing_model":"potato_early_blight_tomcast","firing_pathogen":"Alternaria solani","confidence":0.85}},{"type":"Feature","geometry":{"type":"Polygon","coordinates":[[[79.59,27.31],[79.61,27.31],[79.61,27.33],[79.59,27.33],[79.59,27.31]]]},"properties":{"cell_id":"FRK-R006-C010","band":"watch","risk":0.45,"physics_risk":0.45,"ml_delta":0.0,"dsv_today":0,"dsv_accum_7d":9,"criterion_met":true,"wet_hours":16,"min_temp_c":25.14,"mean_wet_temp_c":25.59,"firing_model":"potato_early_blight_tomcast","firing_pathogen":"Alternaria solani","confidence":0.85}},{"type":"Feature","geometry":{"type":"Polygon","coordinates":[[[79.61,27.31],[79.63,27.31],[79.63,27.33],[79.61,27.33],[79.61,27.31]]]},"properties":{"cell_id":"FRK-R006-C011","band":"watch","risk":0.45,"physics_risk":0.45,"ml_delta":0.0,"dsv_today":0,"dsv_accum_7d":9,"criterion_met":true,"wet_hours":16,"min_temp_c":25.16,"mean_wet_temp_c":25.61,"firing_model":"potato_early_blight_tomcast","firing_pathogen":"Alternaria solani","confidence":0.85}},{"type":"Feature","geometry":{"type":"Polygon","coordinates":[[[79.63,27.31],[79.65,27.31],[79.65,27.33],[79.63,27.33],[79.63,27.31]]]},"properties":{"cell_id":"FRK-R006-C012","band":"watch","risk":0.45,"physics_risk":0.45,"ml_delta":0.0,"dsv_today":0,"dsv_accum_7d":9,"criterion_met":true,"wet_hours":16,"min_temp_c":25.17,"mean_wet_temp_c":25.62,"firing_model":"potato_early_blight_tomcast","firing_pathogen":"Alternaria solani","confidence":0.85}},{"type":"Feature","geometry":{"type":"Polygon","coordinates":[[[79.65,27.31],[79.67,27.31],[79.67,27.33],[79.65,27.33],[79.65,27.31]]]},"properties":{"cell_id":"FRK-R006-C013","band":"watch","risk":0.5,"physics_risk":0.5,"ml_delta":0.0,"dsv_today":0,"dsv_accum_7d":10,"criterion_met":true,"wet_hours":16,"min_temp_c":25.19,"mean_wet_temp_c":25.64,"firing_model":"potato_early_blight_tomcast","firing_pathogen":"Alternaria solani","confidence":0.85}},{"type":"Feature","geometry":{"type":"Polygon","coordinates":[[[79.67,27.31],[79.69,27.31],[79.69,27.33],[79.67,27.33],[79.67,27.31]]]},"properties":{"cell_id":"FRK-R006-C014","band":"watch","risk":0.5,"physics_risk":0.5,"ml_delta":0.0,"dsv_today":0,"dsv_accum_7d":10,"criterion_met":true,"wet_hours":16,"min_temp_c":25.2,"mean_wet_temp_c":25.65,"firing_model":"potato_early_blight_tomcast","firing_pathogen":"Alternaria solani","confidence":0.85}},{"type":"Feature","geometry":{"type":"Polygon","coordinates":[[[79.69,27.31],[79.71,27.31],[79.71,27.33],[79.69,27.33],[79.69,27.31]]]},"properties":{"cell_id":"FRK-R006-C015","band":"watch","risk":0.5,"physics_risk":0.5,"ml_delta":0.0,"dsv_today":0,"dsv_accum_7d":10,"criterion_met":true,"wet_hours":16,"min_temp_c":25.22,"mean_wet_temp_c":25.67,"firing_model":"potato_early_blight_tomcast","firing_pathogen":"Alternaria solani","confidence":0.85}},{"type":"Feature","geometry":{"type":"Polygon","coordinates":[[[79.71,27.31],[79.73,27.31],[79.73,27.33],[79.71,27.33],[79.71,27.31]]]},"properties":{"cell_id":"FRK-R006-C016","band":"watch","risk":0.45,"physics_risk":0.45,"ml_delta":0.0,"dsv_today":0,"dsv_accum_7d":9,"criterion_met":true,"wet_hours":16,"min_temp_c":25.24,"mean_wet_temp_c":25.68,"firing_model":"potato_early_blight_tomcast","firing_pathogen":"Alternaria solani","confidence":0.85}},{"type":"Feature","geometry":{"type":"Polygon","coordinates":[[[79.73,27.31],[79.75,27.31],[79.75,27.33],[79.73,27.33],[79.73,27.31]]]},"properties":{"cell_id":"FRK-R006-C017","band":"watch","risk":0.45,"physics_risk":0.45,"ml_delta":0.0,"dsv_today":0,"dsv_accum_7d":9,"criterion_met":true,"wet_hours":16,"min_temp_c":25.25,"mean_wet_temp_c":25.69,"firing_model":"potato_early_blight_tomcast","firing_pathogen":"Alternaria solani","confidence":0.85}},{"type":"Feature","geometry":{"type":"Polygon","coordinates":[[[79.75,27.31],[79.77,27.31],[79.77,27.33],[79.75,27.33],[79.75,27.31]]]},"properties":{"cell_id":"FRK-R006-C018","band":"watch","risk":0.45,"physics_risk":0.45,"ml_delta":0.0,"dsv_today":0,"dsv_accum_7d":9,"criterion_met":true,"wet_hours":16,"min_temp_c":25.27,"mean_wet_temp_c":25.7,"firing_model":"potato_early_blight_tomcast","firing_pathogen":"Alternaria solani","confidence":0.85}},{"type":"Feature","geometry":{"type":"Polygon","coordinates":[[[79.77,27.31],[79.79,27.31],[79.79,27.33],[79.77,27.33],[79.77,27.31]]]},"properties":{"cell_id":"FRK-R006-C019","band":"watch","risk":0.4,"physics_risk":0.4,"ml_delta":0.0,"dsv_today":0,"dsv_accum_7d":8,"criterion_met":true,"wet_hours":15,"min_temp_c":25.28,"mean_wet_temp_c":25.71,"firing_model":"potato_early_blight_tomcast","firing_pathogen":"Alternaria solani","confidence":0.85}},{"type":"Feature","geometry":{"type":"Polygon","coordinates":[[[79.79,27.31],[79.81,27.31],[79.81,27.33],[79.79,27.33],[79.79,27.31]]]},"properties":{"cell_id":"FRK-R006-C020","band":"watch","risk":0.45,"physics_risk":0.45,"ml_delta":0.0,"dsv_today":0,"dsv_accum_7d":9,"criterion_met":true,"wet_hours":15,"min_temp_c":25.3,"mean_wet_temp_c":25.72,"firing_model":"potato_early_blight_tomcast","firing_pathogen":"Alternaria solani","confidence":0.85}},{"type":"Feature","geometry":{"type":"Polygon","coordinates":[[[79.39,27.33],[79.41,27.33],[79.41,27.35],[79.39,27.35],[79.39,27.33]]]},"properties":{"cell_id":"FRK-R007-C000","band":"watch","risk":0.4,"physics_risk":0.4,"ml_delta":0.0,"dsv_today":0,"dsv_accum_7d":8,"criterion_met":true,"wet_hours":16,"min_temp_c":25.08,"mean_wet_temp_c":25.62,"firing_model":"potato_early_blight_tomcast","firing_pathogen":"Alternaria solani","confidence":0.85}},{"type":"Feature","geometry":{"type":"Polygon","coordinates":[[[79.41,27.33],[79.43,27.33],[79.43,27.35],[79.41,27.35],[79.41,27.33]]]},"properties":{"cell_id":"FRK-R007-C001","band":"watch","risk":0.4,"physics_risk":0.4,"ml_delta":0.0,"dsv_today":0,"dsv_accum_7d":8,"criterion_met":true,"wet_hours":16,"min_temp_c":25.11,"mean_wet_temp_c":25.62,"firing_model":"potato_early_blight_tomcast","firing_pathogen":"Alternaria solani","confidence":0.85}},{"type":"Feature","geometry":{"type":"Polygon","coordinates":[[[79.43,27.33],[79.45,27.33],[79.45,27.35],[79.43,27.35],[79.43,27.33]]]},"properties":{"cell_id":"FRK-R007-C002","band":"watch","risk":0.4,"physics_risk":0.4,"ml_delta":0.0,"dsv_today":0,"dsv_accum_7d":8,"criterion_met":true,"wet_hours":16,"min_temp_c":25.12,"mean_wet_temp_c":25.62,"firing_model":"potato_early_blight_tomcast","firing_pathogen":"Alternaria solani","confidence":0.85}},{"type":"Feature","geometry":{"type":"Polygon","coordinates":[[[79.45,27.33],[79.47,27.33],[79.47,27.35],[79.45,27.35],[79.45,27.33]]]},"properties":{"cell_id":"FRK-R007-C003","band":"watch","risk":0.45,"physics_risk":0.45,"ml_delta":0.0,"dsv_today":0,"dsv_accum_7d":9,"criterion_met":true,"wet_hours":16,"min_temp_c":25.12,"mean_wet_temp_c":25.62,"firing_model":"potato_early_blight_tomcast","firing_pathogen":"Alternaria solani","confidence":0.85}},{"type":"Feature","geometry":{"type":"Polygon","coordinates":[[[79.47,27.33],[79.49,27.33],[79.49,27.35],[79.47,27.35],[79.47,27.33]]]},"properties":{"cell_id":"FRK-R007-C004","band":"watch","risk":0.45,"physics_risk":0.45,"ml_delta":0.0,"dsv_today":0,"dsv_accum_7d":9,"criterion_met":true,"wet_hours":16,"min_temp_c":25.13,"mean_wet_temp_c":25.62,"firing_model":"potato_early_blight_tomcast","firing_pathogen":"Alternaria solani","confidence":0.85}},{"type":"Feature","geometry":{"type":"Polygon","coordinates":[[[79.49,27.33],[79.51,27.33],[79.51,27.35],[79.49,27.35],[79.49,27.33]]]},"properties":{"cell_id":"FRK-R007-C005","band":"watch","risk":0.45,"physics_risk":0.45,"ml_delta":0.0,"dsv_today":0,"dsv_accum_7d":9,"criterion_met":true,"wet_hours":16,"min_temp_c":25.14,"mean_wet_temp_c":25.62,"firing_model":"potato_early_blight_tomcast","firing_pathogen":"Alternaria solani","confidence":0.85}},{"type":"Feature","geometry":{"type":"Polygon","coordinates":[[[79.51,27.33],[79.53,27.33],[79.53,27.35],[79.51,27.35],[79.51,27.33]]]},"properties":{"cell_id":"FRK-R007-C006","band":"watch","risk":0.45,"physics_risk":0.45,"ml_delta":0.0,"dsv_today":0,"dsv_accum_7d":9,"criterion_met":true,"wet_hours":16,"min_temp_c":25.15,"mean_wet_temp_c":25.62,"firing_model":"potato_early_blight_tomcast","firing_pathogen":"Alternaria solani","confidence":0.85}},{"type":"Feature","geometry":{"type":"Polygon","coordinates":[[[79.53,27.33],[79.55,27.33],[79.55,27.35],[79.53,27.35],[79.53,27.33]]]},"properties":{"cell_id":"FRK-R007-C007","band":"watch","risk":0.45,"physics_risk":0.45,"ml_delta":0.0,"dsv_today":0,"dsv_accum_7d":9,"criterion_met":true,"wet_hours":16,"min_temp_c":25.16,"mean_wet_temp_c":25.62,"firing_model":"potato_early_blight_tomcast","firing_pathogen":"Alternaria solani","confidence":0.85}},{"type":"Feature","geometry":{"type":"Polygon","coordinates":[[[79.55,27.33],[79.57,27.33],[79.57,27.35],[79.55,27.35],[79.55,27.33]]]},"properties":{"cell_id":"FRK-R007-C008","band":"watch","risk":0.45,"physics_risk":0.45,"ml_delta":0.0,"dsv_today":0,"dsv_accum_7d":9,"criterion_met":true,"wet_hours":16,"min_temp_c":25.16,"mean_wet_temp_c":25.62,"firing_model":"potato_early_blight_tomcast","firing_pathogen":"Alternaria solani","confidence":0.85}},{"type":"Feature","geometry":{"type":"Polygon","coordinates":[[[79.57,27.33],[79.59,27.33],[79.59,27.35],[79.57,27.35],[79.57,27.33]]]},"properties":{"cell_id":"FRK-R007-C009","band":"watch","risk":0.5,"physics_risk":0.5,"ml_delta":0.0,"dsv_today":0,"dsv_accum_7d":10,"criterion_met":true,"wet_hours":16,"min_temp_c":25.17,"mean_wet_temp_c":25.62,"firing_model":"potato_early_blight_tomcast","firing_pathogen":"Alternaria solani","confidence":0.85}},{"type":"Feature","geometry":{"type":"Polygon","coordinates":[[[79.59,27.33],[79.61,27.33],[79.61,27.35],[79.59,27.35],[79.59,27.33]]]},"properties":{"cell_id":"FRK-R007-C010","band":"watch","risk":0.5,"physics_risk":0.5,"ml_delta":0.0,"dsv_today":0,"dsv_accum_7d":10,"criterion_met":true,"wet_hours":16,"min_temp_c":25.18,"mean_wet_temp_c":25.62,"firing_model":"potato_early_blight_tomcast","firing_pathogen":"Alternaria solani","confidence":0.85}},{"type":"Feature","geometry":{"type":"Polygon","coordinates":[[[79.61,27.33],[79.63,27.33],[79.63,27.35],[79.61,27.35],[79.61,27.33]]]},"properties":{"cell_id":"FRK-R007-C011","band":"watch","risk":0.5,"physics_risk":0.5,"ml_delta":0.0,"dsv_today":0,"dsv_accum_7d":10,"criterion_met":true,"wet_hours":16,"min_temp_c":25.19,"mean_wet_temp_c":25.64,"firing_model":"potato_early_blight_tomcast","firing_pathogen":"Alternaria solani","confidence":0.85}},{"type":"Feature","geometry":{"type":"Polygon","coordinates":[[[79.63,27.33],[79.65,27.33],[79.65,27.35],[79.63,27.35],[79.63,27.33]]]},"properties":{"cell_id":"FRK-R007-C012","band":"watch","risk":0.5,"physics_risk":0.5,"ml_delta":0.0,"dsv_today":0,"dsv_accum_7d":10,"criterion_met":true,"wet_hours":16,"min_temp_c":25.2,"mean_wet_temp_c":25.65,"firing_model":"potato_early_blight_tomcast","firing_pathogen":"Alternaria solani","confidence":0.85}},{"type":"Feature","geometry":{"type":"Polygon","coordinates":[[[79.65,27.33],[79.67,27.33],[79.67,27.35],[79.65,27.35],[79.65,27.33]]]},"properties":{"cell_id":"FRK-R007-C013","band":"watch","risk":0.5,"physics_risk":0.5,"ml_delta":0.0,"dsv_today":0,"dsv_accum_7d":10,"criterion_met":true,"wet_hours":16,"min_temp_c":25.22,"mean_wet_temp_c":25.66,"firing_model":"potato_early_blight_tomcast","firing_pathogen":"Alternaria solani","confidence":0.85}},{"type":"Feature","geometry":{"type":"Polygon","coordinates":[[[79.67,27.33],[79.69,27.33],[79.69,27.35],[79.67,27.35],[79.67,27.33]]]},"properties":{"cell_id":"FRK-R007-C014","band":"watch","risk":0.45,"physics_risk":0.45,"ml_delta":0.0,"dsv_today":0,"dsv_accum_7d":9,"criterion_met":true,"wet_hours":16,"min_temp_c":25.23,"mean_wet_temp_c":25.67,"firing_model":"potato_early_blight_tomcast","firing_pathogen":"Alternaria solani","confidence":0.85}},{"type":"Feature","geometry":{"type":"Polygon","coordinates":[[[79.69,27.33],[79.71,27.33],[79.71,27.35],[79.69,27.35],[79.69,27.33]]]},"properties":{"cell_id":"FRK-R007-C015","band":"watch","risk":0.45,"physics_risk":0.45,"ml_delta":0.0,"dsv_today":0,"dsv_accum_7d":9,"criterion_met":true,"wet_hours":16,"min_temp_c":25.24,"mean_wet_temp_c":25.68,"firing_model":"potato_early_blight_tomcast","firing_pathogen":"Alternaria solani","confidence":0.85}},{"type":"Feature","geometry":{"type":"Polygon","coordinates":[[[79.71,27.33],[79.73,27.33],[79.73,27.35],[79.71,27.35],[79.71,27.33]]]},"properties":{"cell_id":"FRK-R007-C016","band":"watch","risk":0.45,"physics_risk":0.45,"ml_delta":0.0,"dsv_today":0,"dsv_accum_7d":9,"criterion_met":true,"wet_hours":16,"min_temp_c":25.25,"mean_wet_temp_c":25.69,"firing_model":"potato_early_blight_tomcast","firing_pathogen":"Alternaria solani","confidence":0.85}},{"type":"Feature","geometry":{"type":"Polygon","coordinates":[[[79.73,27.33],[79.75,27.33],[79.75,27.35],[79.73,27.35],[79.73,27.33]]]},"properties":{"cell_id":"FRK-R007-C017","band":"watch","risk":0.5,"physics_risk":0.5,"ml_delta":0.0,"dsv_today":0,"dsv_accum_7d":10,"criterion_met":true,"wet_hours":16,"min_temp_c":25.26,"mean_wet_temp_c":25.7,"firing_model":"potato_early_blight_tomcast","firing_pathogen":"Alternaria solani","confidence":0.85}},{"type":"Feature","geometry":{"type":"Polygon","coordinates":[[[79.75,27.33],[79.77,27.33],[79.77,27.35],[79.75,27.35],[79.75,27.33]]]},"properties":{"cell_id":"FRK-R007-C018","band":"watch","risk":0.5,"physics_risk":0.5,"ml_delta":0.0,"dsv_today":0,"dsv_accum_7d":10,"criterion_met":true,"wet_hours":15,"min_temp_c":25.28,"mean_wet_temp_c":25.71,"firing_model":"potato_early_blight_tomcast","firing_pathogen":"Alternaria solani","confidence":0.85}},{"type":"Feature","geometry":{"type":"Polygon","coordinates":[[[79.77,27.33],[79.79,27.33],[79.79,27.35],[79.77,27.35],[79.77,27.33]]]},"properties":{"cell_id":"FRK-R007-C019","band":"watch","risk":0.5,"physics_risk":0.5,"ml_delta":0.0,"dsv_today":0,"dsv_accum_7d":10,"criterion_met":true,"wet_hours":15,"min_temp_c":25.29,"mean_wet_temp_c":25.71,"firing_model":"potato_early_blight_tomcast","firing_pathogen":"Alternaria solani","confidence":0.85}},{"type":"Feature","geometry":{"type":"Polygon","coordinates":[[[79.79,27.33],[79.81,27.33],[79.81,27.35],[79.79,27.35],[79.79,27.33]]]},"properties":{"cell_id":"FRK-R007-C020","band":"watch","risk":0.5,"physics_risk":0.5,"ml_delta":0.0,"dsv_today":0,"dsv_accum_7d":10,"criterion_met":true,"wet_hours":15,"min_temp_c":25.3,"mean_wet_temp_c":25.72,"firing_model":"potato_early_blight_tomcast","firing_pathogen":"Alternaria solani","confidence":0.85}},{"type":"Feature","geometry":{"type":"Polygon","coordinates":[[[79.39,27.35],[79.41,27.35],[79.41,27.37],[79.39,27.37],[79.39,27.35]]]},"properties":{"cell_id":"FRK-R008-C000","band":"watch","risk":0.45,"physics_risk":0.45,"ml_delta":0.0,"dsv_today":1,"dsv_accum_7d":9,"criterion_met":true,"wet_hours":17,"min_temp_c":25.1,"mean_wet_temp_c":25.73,"firing_model":"potato_early_blight_tomcast","firing_pathogen":"Alternaria solani","confidence":0.85}},{"type":"Feature","geometry":{"type":"Polygon","coordinates":[[[79.41,27.35],[79.43,27.35],[79.43,27.37],[79.41,27.37],[79.41,27.35]]]},"properties":{"cell_id":"FRK-R008-C001","band":"watch","risk":0.45,"physics_risk":0.45,"ml_delta":0.0,"dsv_today":1,"dsv_accum_7d":9,"criterion_met":true,"wet_hours":17,"min_temp_c":25.11,"mean_wet_temp_c":25.74,"firing_model":"potato_early_blight_tomcast","firing_pathogen":"Alternaria solani","confidence":0.85}},{"type":"Feature","geometry":{"type":"Polygon","coordinates":[[[79.43,27.35],[79.45,27.35],[79.45,27.37],[79.43,27.37],[79.43,27.35]]]},"properties":{"cell_id":"FRK-R008-C002","band":"watch","risk":0.45,"physics_risk":0.45,"ml_delta":0.0,"dsv_today":0,"dsv_accum_7d":9,"criterion_met":true,"wet_hours":16,"min_temp_c":25.12,"mean_wet_temp_c":25.62,"firing_model":"potato_early_blight_tomcast","firing_pathogen":"Alternaria solani","confidence":0.85}},{"type":"Feature","geometry":{"type":"Polygon","coordinates":[[[79.45,27.35],[79.47,27.35],[79.47,27.37],[79.45,27.37],[79.45,27.35]]]},"properties":{"cell_id":"FRK-R008-C003","band":"watch","risk":0.45,"physics_risk":0.45,"ml_delta":0.0,"dsv_today":0,"dsv_accum_7d":9,"criterion_met":true,"wet_hours":16,"min_temp_c":25.14,"mean_wet_temp_c":25.62,"firing_model":"potato_early_blight_tomcast","firing_pathogen":"Alternaria solani","confidence":0.85}},{"type":"Feature","geometry":{"type":"Polygon","coordinates":[[[79.47,27.35],[79.49,27.35],[79.49,27.37],[79.47,27.37],[79.47,27.35]]]},"properties":{"cell_id":"FRK-R008-C004","band":"watch","risk":0.45,"physics_risk":0.45,"ml_delta":0.0,"dsv_today":0,"dsv_accum_7d":9,"criterion_met":true,"wet_hours":16,"min_temp_c":25.15,"mean_wet_temp_c":25.63,"firing_model":"potato_early_blight_tomcast","firing_pathogen":"Alternaria solani","confidence":0.85}},{"type":"Feature","geometry":{"type":"Polygon","coordinates":[[[79.49,27.35],[79.51,27.35],[79.51,27.37],[79.49,27.37],[79.49,27.35]]]},"properties":{"cell_id":"FRK-R008-C005","band":"watch","risk":0.45,"physics_risk":0.45,"ml_delta":0.0,"dsv_today":0,"dsv_accum_7d":9,"criterion_met":true,"wet_hours":16,"min_temp_c":25.16,"mean_wet_temp_c":25.63,"firing_model":"potato_early_blight_tomcast","firing_pathogen":"Alternaria solani","confidence":0.85}},{"type":"Feature","geometry":{"type":"Polygon","coordinates":[[[79.51,27.35],[79.53,27.35],[79.53,27.37],[79.51,27.37],[79.51,27.35]]]},"properties":{"cell_id":"FRK-R008-C006","band":"watch","risk":0.45,"physics_risk":0.45,"ml_delta":0.0,"dsv_today":0,"dsv_accum_7d":9,"criterion_met":true,"wet_hours":16,"min_temp_c":25.17,"mean_wet_temp_c":25.63,"firing_model":"potato_early_blight_tomcast","firing_pathogen":"Alternaria solani","confidence":0.85}},{"type":"Feature","geometry":{"type":"Polygon","coordinates":[[[79.53,27.35],[79.55,27.35],[79.55,27.37],[79.53,27.37],[79.53,27.35]]]},"properties":{"cell_id":"FRK-R008-C007","band":"watch","risk":0.45,"physics_risk":0.45,"ml_delta":0.0,"dsv_today":0,"dsv_accum_7d":9,"criterion_met":true,"wet_hours":16,"min_temp_c":25.18,"mean_wet_temp_c":25.64,"firing_model":"potato_early_blight_tomcast","firing_pathogen":"Alternaria solani","confidence":0.85}},{"type":"Feature","geometry":{"type":"Polygon","coordinates":[[[79.55,27.35],[79.57,27.35],[79.57,27.37],[79.55,27.37],[79.55,27.35]]]},"properties":{"cell_id":"FRK-R008-C008","band":"watch","risk":0.5,"physics_risk":0.5,"ml_delta":0.0,"dsv_today":0,"dsv_accum_7d":10,"criterion_met":true,"wet_hours":16,"min_temp_c":25.2,"mean_wet_temp_c":25.64,"firing_model":"potato_early_blight_tomcast","firing_pathogen":"Alternaria solani","confidence":0.85}},{"type":"Feature","geometry":{"type":"Polygon","coordinates":[[[79.57,27.35],[79.59,27.35],[79.59,27.37],[79.57,27.37],[79.57,27.35]]]},"properties":{"cell_id":"FRK-R008-C009","band":"watch","risk":0.5,"physics_risk":0.5,"ml_delta":0.0,"dsv_today":0,"dsv_accum_7d":10,"criterion_met":true,"wet_hours":16,"min_temp_c":25.21,"mean_wet_temp_c":25.65,"firing_model":"potato_early_blight_tomcast","firing_pathogen":"Alternaria solani","confidence":0.85}},{"type":"Feature","geometry":{"type":"Polygon","coordinates":[[[79.59,27.35],[79.61,27.35],[79.61,27.37],[79.59,27.37],[79.59,27.35]]]},"properties":{"cell_id":"FRK-R008-C010","band":"watch","risk":0.45,"physics_risk":0.45,"ml_delta":0.0,"dsv_today":0,"dsv_accum_7d":9,"criterion_met":true,"wet_hours":16,"min_temp_c":25.22,"mean_wet_temp_c":25.65,"firing_model":"potato_early_blight_tomcast","firing_pathogen":"Alternaria solani","confidence":0.85}},{"type":"Feature","geometry":{"type":"Polygon","coordinates":[[[79.61,27.35],[79.63,27.35],[79.63,27.37],[79.61,27.37],[79.61,27.35]]]},"properties":{"cell_id":"FRK-R008-C011","band":"watch","risk":0.45,"physics_risk":0.45,"ml_delta":0.0,"dsv_today":0,"dsv_accum_7d":9,"criterion_met":true,"wet_hours":16,"min_temp_c":25.23,"mean_wet_temp_c":25.66,"firing_model":"potato_early_blight_tomcast","firing_pathogen":"Alternaria solani","confidence":0.85}},{"type":"Feature","geometry":{"type":"Polygon","coordinates":[[[79.63,27.35],[79.65,27.35],[79.65,27.37],[79.63,27.37],[79.63,27.35]]]},"properties":{"cell_id":"FRK-R008-C012","band":"watch","risk":0.5,"physics_risk":0.5,"ml_delta":0.0,"dsv_today":0,"dsv_accum_7d":10,"criterion_met":true,"wet_hours":16,"min_temp_c":25.24,"mean_wet_temp_c":25.67,"firing_model":"potato_early_blight_tomcast","firing_pathogen":"Alternaria solani","confidence":0.85}},{"type":"Feature","geometry":{"type":"Polygon","coordinates":[[[79.65,27.35],[79.67,27.35],[79.67,27.37],[79.65,27.37],[79.65,27.35]]]},"properties":{"cell_id":"FRK-R008-C013","band":"watch","risk":0.5,"physics_risk":0.5,"ml_delta":0.0,"dsv_today":0,"dsv_accum_7d":10,"criterion_met":true,"wet_hours":16,"min_temp_c":25.24,"mean_wet_temp_c":25.68,"firing_model":"potato_early_blight_tomcast","firing_pathogen":"Alternaria solani","confidence":0.85}},{"type":"Feature","geometry":{"type":"Polygon","coordinates":[[[79.67,27.35],[79.69,27.35],[79.69,27.37],[79.67,27.37],[79.67,27.35]]]},"properties":{"cell_id":"FRK-R008-C014","band":"watch","risk":0.5,"physics_risk":0.5,"ml_delta":0.0,"dsv_today":0,"dsv_accum_7d":10,"criterion_met":true,"wet_hours":16,"min_temp_c":25.25,"mean_wet_temp_c":25.69,"firing_model":"potato_early_blight_tomcast","firing_pathogen":"Alternaria solani","confidence":0.85}},{"type":"Feature","geometry":{"type":"Polygon","coordinates":[[[79.69,27.35],[79.71,27.35],[79.71,27.37],[79.69,27.37],[79.69,27.35]]]},"properties":{"cell_id":"FRK-R008-C015","band":"watch","risk":0.5,"physics_risk":0.5,"ml_delta":0.0,"dsv_today":0,"dsv_accum_7d":10,"criterion_met":true,"wet_hours":16,"min_temp_c":25.26,"mean_wet_temp_c":25.7,"firing_model":"potato_early_blight_tomcast","firing_pathogen":"Alternaria solani","confidence":0.85}},{"type":"Feature","geometry":{"type":"Polygon","coordinates":[[[79.71,27.35],[79.73,27.35],[79.73,27.37],[79.71,27.37],[79.71,27.35]]]},"properties":{"cell_id":"FRK-R008-C016","band":"watch","risk":0.5,"physics_risk":0.5,"ml_delta":0.0,"dsv_today":0,"dsv_accum_7d":10,"criterion_met":true,"wet_hours":16,"min_temp_c":25.27,"mean_wet_temp_c":25.71,"firing_model":"potato_early_blight_tomcast","firing_pathogen":"Alternaria solani","confidence":0.85}},{"type":"Feature","geometry":{"type":"Polygon","coordinates":[[[79.73,27.35],[79.75,27.35],[79.75,27.37],[79.73,27.37],[79.73,27.35]]]},"properties":{"cell_id":"FRK-R008-C017","band":"watch","risk":0.5,"physics_risk":0.5,"ml_delta":0.0,"dsv_today":0,"dsv_accum_7d":10,"criterion_met":true,"wet_hours":15,"min_temp_c":25.28,"mean_wet_temp_c":25.71,"firing_model":"potato_early_blight_tomcast","firing_pathogen":"Alternaria solani","confidence":0.85}},{"type":"Feature","geometry":{"type":"Polygon","coordinates":[[[79.75,27.35],[79.77,27.35],[79.77,27.37],[79.75,27.37],[79.75,27.35]]]},"properties":{"cell_id":"FRK-R008-C018","band":"watch","risk":0.5,"physics_risk":0.5,"ml_delta":0.0,"dsv_today":0,"dsv_accum_7d":10,"criterion_met":true,"wet_hours":15,"min_temp_c":25.28,"mean_wet_temp_c":25.71,"firing_model":"potato_early_blight_tomcast","firing_pathogen":"Alternaria solani","confidence":0.85}},{"type":"Feature","geometry":{"type":"Polygon","coordinates":[[[79.77,27.35],[79.79,27.35],[79.79,27.37],[79.77,27.37],[79.77,27.35]]]},"properties":{"cell_id":"FRK-R008-C019","band":"watch","risk":0.5,"physics_risk":0.5,"ml_delta":0.0,"dsv_today":0,"dsv_accum_7d":10,"criterion_met":true,"wet_hours":15,"min_temp_c":25.29,"mean_wet_temp_c":25.71,"firing_model":"potato_early_blight_tomcast","firing_pathogen":"Alternaria solani","confidence":0.85}},{"type":"Feature","geometry":{"type":"Polygon","coordinates":[[[79.79,27.35],[79.81,27.35],[79.81,27.37],[79.79,27.37],[79.79,27.35]]]},"properties":{"cell_id":"FRK-R008-C020","band":"watch","risk":0.5,"physics_risk":0.5,"ml_delta":0.0,"dsv_today":0,"dsv_accum_7d":10,"criterion_met":true,"wet_hours":15,"min_temp_c":25.3,"mean_wet_temp_c":25.72,"firing_model":"potato_early_blight_tomcast","firing_pathogen":"Alternaria solani","confidence":0.85}},{"type":"Feature","geometry":{"type":"Polygon","coordinates":[[[79.39,27.37],[79.41,27.37],[79.41,27.39],[79.39,27.39],[79.39,27.37]]]},"properties":{"cell_id":"FRK-R009-C000","band":"watch","risk":0.5,"physics_risk":0.5,"ml_delta":0.0,"dsv_today":1,"dsv_accum_7d":10,"criterion_met":true,"wet_hours":17,"min_temp_c":25.1,"mean_wet_temp_c":25.72,"firing_model":"potato_early_blight_tomcast","firing_pathogen":"Alternaria solani","confidence":0.85}},{"type":"Feature","geometry":{"type":"Polygon","coordinates":[[[79.41,27.37],[79.43,27.37],[79.43,27.39],[79.41,27.39],[79.41,27.37]]]},"properties":{"cell_id":"FRK-R009-C001","band":"watch","risk":0.5,"physics_risk":0.5,"ml_delta":0.0,"dsv_today":1,"dsv_accum_7d":10,"criterion_met":true,"wet_hours":17,"min_temp_c":25.12,"mean_wet_temp_c":25.73,"firing_model":"potato_early_blight_tomcast","firing_pathogen":"Alternaria solani","confidence":0.85}},{"type":"Feature","geometry":{"type":"Polygon","coordinates":[[[79.43,27.37],[79.45,27.37],[79.45,27.39],[79.43,27.39],[79.43,27.37]]]},"properties":{"cell_id":"FRK-R009-C002","band":"watch","risk":0.5,"physics_risk":0.5,"ml_delta":0.0,"dsv_today":1,"dsv_accum_7d":10,"criterion_met":true,"wet_hours":17,"min_temp_c":25.13,"mean_wet_temp_c":25.74,"firing_model":"potato_early_blight_tomcast","firing_pathogen":"Alternaria solani","confidence":0.85}},{"type":"Feature","geometry":{"type":"Polygon","coordinates":[[[79.45,27.37],[79.47,27.37],[79.47,27.39],[79.45,27.39],[79.45,27.37]]]},"properties":{"cell_id":"FRK-R009-C003","band":"watch","risk":0.45,"physics_risk":0.45,"ml_delta":0.0,"dsv_today":0,"dsv_accum_7d":9,"criterion_met":true,"wet_hours":16,"min_temp_c":25.15,"mean_wet_temp_c":25.63,"firing_model":"potato_early_blight_tomcast","firing_pathogen":"Alternaria solani","confidence":0.85}},{"type":"Feature","geometry":{"type":"Polygon","coordinates":[[[79.47,27.37],[79.49,27.37],[79.49,27.39],[79.47,27.39],[79.47,27.37]]]},"properties":{"cell_id":"FRK-R009-C004","band":"watch","risk":0.45,"physics_risk":0.45,"ml_delta":0.0,"dsv_today":0,"dsv_accum_7d":9,"criterion_met":true,"wet_hours":16,"min_temp_c":25.16,"mean_wet_temp_c":25.63,"firing_model":"potato_early_blight_tomcast","firing_pathogen":"Alternaria solani","confidence":0.85}},{"type":"Feature","geometry":{"type":"Polygon","coordinates":[[[79.49,27.37],[79.51,27.37],[79.51,27.39],[79.49,27.39],[79.49,27.37]]]},"properties":{"cell_id":"FRK-R009-C005","band":"watch","risk":0.45,"physics_risk":0.45,"ml_delta":0.0,"dsv_today":0,"dsv_accum_7d":9,"criterion_met":true,"wet_hours":16,"min_temp_c":25.18,"mean_wet_temp_c":25.64,"firing_model":"potato_early_blight_tomcast","firing_pathogen":"Alternaria solani","confidence":0.85}},{"type":"Feature","geometry":{"type":"Polygon","coordinates":[[[79.51,27.37],[79.53,27.37],[79.53,27.39],[79.51,27.39],[79.51,27.37]]]},"properties":{"cell_id":"FRK-R009-C006","band":"watch","risk":0.45,"physics_risk":0.45,"ml_delta":0.0,"dsv_today":0,"dsv_accum_7d":9,"criterion_met":true,"wet_hours":16,"min_temp_c":25.2,"mean_wet_temp_c":25.65,"firing_model":"potato_early_blight_tomcast","firing_pathogen":"Alternaria solani","confidence":0.85}},{"type":"Feature","geometry":{"type":"Polygon","coordinates":[[[79.53,27.37],[79.55,27.37],[79.55,27.39],[79.53,27.39],[79.53,27.37]]]},"properties":{"cell_id":"FRK-R009-C007","band":"watch","risk":0.45,"physics_risk":0.45,"ml_delta":0.0,"dsv_today":0,"dsv_accum_7d":9,"criterion_met":true,"wet_hours":16,"min_temp_c":25.21,"mean_wet_temp_c":25.66,"firing_model":"potato_early_blight_tomcast","firing_pathogen":"Alternaria solani","confidence":0.85}},{"type":"Feature","geometry":{"type":"Polygon","coordinates":[[[79.55,27.37],[79.57,27.37],[79.57,27.39],[79.55,27.39],[79.55,27.37]]]},"properties":{"cell_id":"FRK-R009-C008","band":"watch","risk":0.45,"physics_risk":0.45,"ml_delta":0.0,"dsv_today":0,"dsv_accum_7d":9,"criterion_met":true,"wet_hours":16,"min_temp_c":25.23,"mean_wet_temp_c":25.67,"firing_model":"potato_early_blight_tomcast","firing_pathogen":"Alternaria solani","confidence":0.85}},{"type":"Feature","geometry":{"type":"Polygon","coordinates":[[[79.57,27.37],[79.59,27.37],[79.59,27.39],[79.57,27.39],[79.57,27.37]]]},"properties":{"cell_id":"FRK-R009-C009","band":"watch","risk":0.45,"physics_risk":0.45,"ml_delta":0.0,"dsv_today":0,"dsv_accum_7d":9,"criterion_met":true,"wet_hours":16,"min_temp_c":25.24,"mean_wet_temp_c":25.67,"firing_model":"potato_early_blight_tomcast","firing_pathogen":"Alternaria solani","confidence":0.85}},{"type":"Feature","geometry":{"type":"Polygon","coordinates":[[[79.59,27.37],[79.61,27.37],[79.61,27.39],[79.59,27.39],[79.59,27.37]]]},"properties":{"cell_id":"FRK-R009-C010","band":"watch","risk":0.45,"physics_risk":0.45,"ml_delta":0.0,"dsv_today":0,"dsv_accum_7d":9,"criterion_met":true,"wet_hours":16,"min_temp_c":25.26,"mean_wet_temp_c":25.68,"firing_model":"potato_early_blight_tomcast","firing_pathogen":"Alternaria solani","confidence":0.85}},{"type":"Feature","geometry":{"type":"Polygon","coordinates":[[[79.61,27.37],[79.63,27.37],[79.63,27.39],[79.61,27.39],[79.61,27.37]]]},"properties":{"cell_id":"FRK-R009-C011","band":"watch","risk":0.45,"physics_risk":0.45,"ml_delta":0.0,"dsv_today":0,"dsv_accum_7d":9,"criterion_met":true,"wet_hours":16,"min_temp_c":25.26,"mean_wet_temp_c":25.69,"firing_model":"potato_early_blight_tomcast","firing_pathogen":"Alternaria solani","confidence":0.85}},{"type":"Feature","geometry":{"type":"Polygon","coordinates":[[[79.63,27.37],[79.65,27.37],[79.65,27.39],[79.63,27.39],[79.63,27.37]]]},"properties":{"cell_id":"FRK-R009-C012","band":"watch","risk":0.5,"physics_risk":0.5,"ml_delta":0.0,"dsv_today":0,"dsv_accum_7d":10,"criterion_met":true,"wet_hours":16,"min_temp_c":25.27,"mean_wet_temp_c":25.7,"firing_model":"potato_early_blight_tomcast","firing_pathogen":"Alternaria solani","confidence":0.85}},{"type":"Feature","geometry":{"type":"Polygon","coordinates":[[[79.65,27.37],[79.67,27.37],[79.67,27.39],[79.65,27.39],[79.65,27.37]]]},"properties":{"cell_id":"FRK-R009-C013","band":"watch","risk":0.5,"physics_risk":0.5,"ml_delta":0.0,"dsv_today":0,"dsv_accum_7d":10,"criterion_met":true,"wet_hours":16,"min_temp_c":25.27,"mean_wet_temp_c":25.7,"firing_model":"potato_early_blight_tomcast","firing_pathogen":"Alternaria solani","confidence":0.85}},{"type":"Feature","geometry":{"type":"Polygon","coordinates":[[[79.67,27.37],[79.69,27.37],[79.69,27.39],[79.67,27.39],[79.67,27.37]]]},"properties":{"cell_id":"FRK-R009-C014","band":"watch","risk":0.5,"physics_risk":0.5,"ml_delta":0.0,"dsv_today":0,"dsv_accum_7d":10,"criterion_met":true,"wet_hours":16,"min_temp_c":25.28,"mean_wet_temp_c":25.71,"firing_model":"potato_early_blight_tomcast","firing_pathogen":"Alternaria solani","confidence":0.85}},{"type":"Feature","geometry":{"type":"Polygon","coordinates":[[[79.69,27.37],[79.71,27.37],[79.71,27.39],[79.69,27.39],[79.69,27.37]]]},"properties":{"cell_id":"FRK-R009-C015","band":"watch","risk":0.5,"physics_risk":0.5,"ml_delta":0.0,"dsv_today":0,"dsv_accum_7d":10,"criterion_met":true,"wet_hours":16,"min_temp_c":25.28,"mean_wet_temp_c":25.72,"firing_model":"potato_early_blight_tomcast","firing_pathogen":"Alternaria solani","confidence":0.85}},{"type":"Feature","geometry":{"type":"Polygon","coordinates":[[[79.71,27.37],[79.73,27.37],[79.73,27.39],[79.71,27.39],[79.71,27.37]]]},"properties":{"cell_id":"FRK-R009-C016","band":"watch","risk":0.5,"physics_risk":0.5,"ml_delta":0.0,"dsv_today":0,"dsv_accum_7d":10,"criterion_met":true,"wet_hours":15,"min_temp_c":25.28,"mean_wet_temp_c":25.72,"firing_model":"potato_early_blight_tomcast","firing_pathogen":"Alternaria solani","confidence":0.85}},{"type":"Feature","geometry":{"type":"Polygon","coordinates":[[[79.73,27.37],[79.75,27.37],[79.75,27.39],[79.73,27.39],[79.73,27.37]]]},"properties":{"cell_id":"FRK-R009-C017","band":"watch","risk":0.5,"physics_risk":0.5,"ml_delta":0.0,"dsv_today":0,"dsv_accum_7d":10,"criterion_met":true,"wet_hours":15,"min_temp_c":25.29,"mean_wet_temp_c":25.72,"firing_model":"potato_early_blight_tomcast","firing_pathogen":"Alternaria solani","confidence":0.85}},{"type":"Feature","geometry":{"type":"Polygon","coordinates":[[[79.75,27.37],[79.77,27.37],[79.77,27.39],[79.75,27.39],[79.75,27.37]]]},"properties":{"cell_id":"FRK-R009-C018","band":"watch","risk":0.5,"physics_risk":0.5,"ml_delta":0.0,"dsv_today":0,"dsv_accum_7d":10,"criterion_met":true,"wet_hours":15,"min_temp_c":25.29,"mean_wet_temp_c":25.72,"firing_model":"potato_early_blight_tomcast","firing_pathogen":"Alternaria solani","confidence":0.85}},{"type":"Feature","geometry":{"type":"Polygon","coordinates":[[[79.77,27.37],[79.79,27.37],[79.79,27.39],[79.77,27.39],[79.77,27.37]]]},"properties":{"cell_id":"FRK-R009-C019","band":"watch","risk":0.5,"physics_risk":0.5,"ml_delta":0.0,"dsv_today":0,"dsv_accum_7d":10,"criterion_met":true,"wet_hours":15,"min_temp_c":25.3,"mean_wet_temp_c":25.72,"firing_model":"potato_early_blight_tomcast","firing_pathogen":"Alternaria solani","confidence":0.85}},{"type":"Feature","geometry":{"type":"Polygon","coordinates":[[[79.79,27.37],[79.81,27.37],[79.81,27.39],[79.79,27.39],[79.79,27.37]]]},"properties":{"cell_id":"FRK-R009-C020","band":"watch","risk":0.5,"physics_risk":0.5,"ml_delta":0.0,"dsv_today":0,"dsv_accum_7d":10,"criterion_met":true,"wet_hours":15,"min_temp_c":25.3,"mean_wet_temp_c":25.71,"firing_model":"potato_early_blight_tomcast","firing_pathogen":"Alternaria solani","confidence":0.85}},{"type":"Feature","geometry":{"type":"Polygon","coordinates":[[[79.39,27.39],[79.41,27.39],[79.41,27.41],[79.39,27.41],[79.39,27.39]]]},"properties":{"cell_id":"FRK-R010-C000","band":"watch","risk":0.45,"physics_risk":0.45,"ml_delta":0.0,"dsv_today":1,"dsv_accum_7d":9,"criterion_met":true,"wet_hours":17,"min_temp_c":25.1,"mean_wet_temp_c":25.71,"firing_model":"potato_early_blight_tomcast","firing_pathogen":"Alternaria solani","confidence":0.85}},{"type":"Feature","geometry":{"type":"Polygon","coordinates":[[[79.41,27.39],[79.43,27.39],[79.43,27.41],[79.41,27.41],[79.41,27.39]]]},"properties":{"cell_id":"FRK-R010-C001","band":"watch","risk":0.5,"physics_risk":0.5,"ml_delta":0.0,"dsv_today":1,"dsv_accum_7d":10,"criterion_met":true,"wet_hours":17,"min_temp_c":25.12,"mean_wet_temp_c":25.73,"firing_model":"potato_early_blight_tomcast","firing_pathogen":"Alternaria solani","confidence":0.85}},{"type":"Feature","geometry":{"type":"Polygon","coordinates":[[[79.43,27.39],[79.45,27.39],[79.45,27.41],[79.43,27.41],[79.43,27.39]]]},"properties":{"cell_id":"FRK-R010-C002","band":"watch","risk":0.5,"physics_risk":0.5,"ml_delta":0.0,"dsv_today":1,"dsv_accum_7d":10,"criterion_met":true,"wet_hours":17,"min_temp_c":25.14,"mean_wet_temp_c":25.74,"firing_model":"potato_early_blight_tomcast","firing_pathogen":"Alternaria solani","confidence":0.85}},{"type":"Feature","geometry":{"type":"Polygon","coordinates":[[[79.45,27.39],[79.47,27.39],[79.47,27.41],[79.45,27.41],[79.45,27.39]]]},"properties":{"cell_id":"FRK-R010-C003","band":"watch","risk":0.5,"physics_risk":0.5,"ml_delta":0.0,"dsv_today":1,"dsv_accum_7d":10,"criterion_met":true,"wet_hours":17,"min_temp_c":25.16,"mean_wet_temp_c":25.76,"firing_model":"potato_early_blight_tomcast","firing_pathogen":"Alternaria solani","confidence":0.85}},{"type":"Feature","geometry":{"type":"Polygon","coordinates":[[[79.47,27.39],[79.49,27.39],[79.49,27.41],[79.47,27.41],[79.47,27.39]]]},"properties":{"cell_id":"FRK-R010-C004","band":"watch","risk":0.45,"physics_risk":0.45,"ml_delta":0.0,"dsv_today":0,"dsv_accum_7d":9,"criterion_met":true,"wet_hours":16,"min_temp_c":25.18,"mean_wet_temp_c":25.64,"firing_model":"potato_early_blight_tomcast","firing_pathogen":"Alternaria solani","confidence":0.85}},{"type":"Feature","geometry":{"type":"Polygon","coordinates":[[[79.49,27.39],[79.51,27.39],[79.51,27.41],[79.49,27.41],[79.49,27.39]]]},"properties":{"cell_id":"FRK-R010-C005","band":"watch","risk":0.4,"physics_risk":0.4,"ml_delta":0.0,"dsv_today":0,"dsv_accum_7d":8,"criterion_met":true,"wet_hours":16,"min_temp_c":25.2,"mean_wet_temp_c":25.65,"firing_model":"potato_early_blight_tomcast","firing_pathogen":"Alternaria solani","confidence":0.85}},{"type":"Feature","geometry":{"type":"Polygon","coordinates":[[[79.51,27.39],[79.53,27.39],[79.53,27.41],[79.51,27.41],[79.51,27.39]]]},"properties":{"cell_id":"FRK-R010-C006","band":"watch","risk":0.45,"physics_risk":0.45,"ml_delta":0.0,"dsv_today":0,"dsv_accum_7d":9,"criterion_met":true,"wet_hours":16,"min_temp_c":25.22,"mean_wet_temp_c":25.66,"firing_model":"potato_early_blight_tomcast","firing_pathogen":"Alternaria solani","confidence":0.85}},{"type":"Feature","geometry":{"type":"Polygon","coordinates":[[[79.53,27.39],[79.55,27.39],[79.55,27.41],[79.53,27.41],[79.53,27.39]]]},"properties":{"cell_id":"FRK-R010-C007","band":"watch","risk":0.45,"physics_risk":0.45,"ml_delta":0.0,"dsv_today":0,"dsv_accum_7d":9,"criterion_met":true,"wet_hours":16,"min_temp_c":25.24,"mean_wet_temp_c":25.68,"firing_model":"potato_early_blight_tomcast","firing_pathogen":"Alternaria solani","confidence":0.85}},{"type":"Feature","geometry":{"type":"Polygon","coordinates":[[[79.55,27.39],[79.57,27.39],[79.57,27.41],[79.55,27.41],[79.55,27.39]]]},"properties":{"cell_id":"FRK-R010-C008","band":"watch","risk":0.45,"physics_risk":0.45,"ml_delta":0.0,"dsv_today":0,"dsv_accum_7d":9,"criterion_met":true,"wet_hours":16,"min_temp_c":25.26,"mean_wet_temp_c":25.69,"firing_model":"potato_early_blight_tomcast","firing_pathogen":"Alternaria solani","confidence":0.85}},{"type":"Feature","geometry":{"type":"Polygon","coordinates":[[[79.57,27.39],[79.59,27.39],[79.59,27.41],[79.57,27.41],[79.57,27.39]]]},"properties":{"cell_id":"FRK-R010-C009","band":"watch","risk":0.45,"physics_risk":0.45,"ml_delta":0.0,"dsv_today":0,"dsv_accum_7d":9,"criterion_met":true,"wet_hours":16,"min_temp_c":25.28,"mean_wet_temp_c":25.7,"firing_model":"potato_early_blight_tomcast","firing_pathogen":"Alternaria solani","confidence":0.85}},{"type":"Feature","geometry":{"type":"Polygon","coordinates":[[[79.59,27.39],[79.61,27.39],[79.61,27.41],[79.59,27.41],[79.59,27.39]]]},"properties":{"cell_id":"FRK-R010-C010","band":"watch","risk":0.45,"physics_risk":0.45,"ml_delta":0.0,"dsv_today":0,"dsv_accum_7d":9,"criterion_met":true,"wet_hours":16,"min_temp_c":25.3,"mean_wet_temp_c":25.71,"firing_model":"potato_early_blight_tomcast","firing_pathogen":"Alternaria solani","confidence":0.85}},{"type":"Feature","geometry":{"type":"Polygon","coordinates":[[[79.61,27.39],[79.63,27.39],[79.63,27.41],[79.61,27.41],[79.61,27.39]]]},"properties":{"cell_id":"FRK-R010-C011","band":"watch","risk":0.45,"physics_risk":0.45,"ml_delta":0.0,"dsv_today":0,"dsv_accum_7d":9,"criterion_met":true,"wet_hours":16,"min_temp_c":25.3,"mean_wet_temp_c":25.72,"firing_model":"potato_early_blight_tomcast","firing_pathogen":"Alternaria solani","confidence":0.85}},{"type":"Feature","geometry":{"type":"Polygon","coordinates":[[[79.63,27.39],[79.65,27.39],[79.65,27.41],[79.63,27.41],[79.63,27.39]]]},"properties":{"cell_id":"FRK-R010-C012","band":"watch","risk":0.5,"physics_risk":0.5,"ml_delta":0.0,"dsv_today":0,"dsv_accum_7d":10,"criterion_met":true,"wet_hours":16,"min_temp_c":25.3,"mean_wet_temp_c":25.72,"firing_model":"potato_early_blight_tomcast","firing_pathogen":"Alternaria solani","confidence":0.85}},{"type":"Feature","geometry":{"type":"Polygon","coordinates":[[[79.65,27.39],[79.67,27.39],[79.67,27.41],[79.65,27.41],[79.65,27.39]]]},"properties":{"cell_id":"FRK-R010-C013","band":"watch","risk":0.5,"physics_risk":0.5,"ml_delta":0.0,"dsv_today":0,"dsv_accum_7d":10,"criterion_met":true,"wet_hours":16,"min_temp_c":25.3,"mean_wet_temp_c":25.73,"firing_model":"potato_early_blight_tomcast","firing_pathogen":"Alternaria solani","confidence":0.85}},{"type":"Feature","geometry":{"type":"Polygon","coordinates":[[[79.67,27.39],[79.69,27.39],[79.69,27.41],[79.67,27.41],[79.67,27.39]]]},"properties":{"cell_id":"FRK-R010-C014","band":"watch","risk":0.5,"physics_risk":0.5,"ml_delta":0.0,"dsv_today":0,"dsv_accum_7d":10,"criterion_met":true,"wet_hours":15,"min_temp_c":25.3,"mean_wet_temp_c":25.73,"firing_model":"potato_early_blight_tomcast","firing_pathogen":"Alternaria solani","confidence":0.85}},{"type":"Feature","geometry":{"type":"Polygon","coordinates":[[[79.69,27.39],[79.71,27.39],[79.71,27.41],[79.69,27.41],[79.69,27.39]]]},"properties":{"cell_id":"FRK-R010-C015","band":"watch","risk":0.5,"physics_risk":0.5,"ml_delta":0.0,"dsv_today":0,"dsv_accum_7d":10,"criterion_met":true,"wet_hours":15,"min_temp_c":25.3,"mean_wet_temp_c":25.74,"firing_model":"potato_early_blight_tomcast","firing_pathogen":"Alternaria solani","confidence":0.85}},{"type":"Feature","geometry":{"type":"Polygon","coordinates":[[[79.71,27.39],[79.73,27.39],[79.73,27.41],[79.71,27.41],[79.71,27.39]]]},"properties":{"cell_id":"FRK-R010-C016","band":"watch","risk":0.5,"physics_risk":0.5,"ml_delta":0.0,"dsv_today":0,"dsv_accum_7d":10,"criterion_met":true,"wet_hours":15,"min_temp_c":25.3,"mean_wet_temp_c":25.73,"firing_model":"potato_early_blight_tomcast","firing_pathogen":"Alternaria solani","confidence":0.85}},{"type":"Feature","geometry":{"type":"Polygon","coordinates":[[[79.73,27.39],[79.75,27.39],[79.75,27.41],[79.73,27.41],[79.73,27.39]]]},"properties":{"cell_id":"FRK-R010-C017","band":"watch","risk":0.5,"physics_risk":0.5,"ml_delta":0.0,"dsv_today":0,"dsv_accum_7d":10,"criterion_met":true,"wet_hours":15,"min_temp_c":25.3,"mean_wet_temp_c":25.73,"firing_model":"potato_early_blight_tomcast","firing_pathogen":"Alternaria solani","confidence":0.85}},{"type":"Feature","geometry":{"type":"Polygon","coordinates":[[[79.75,27.39],[79.77,27.39],[79.77,27.41],[79.75,27.41],[79.75,27.39]]]},"properties":{"cell_id":"FRK-R010-C018","band":"watch","risk":0.5,"physics_risk":0.5,"ml_delta":0.0,"dsv_today":0,"dsv_accum_7d":10,"criterion_met":true,"wet_hours":15,"min_temp_c":25.3,"mean_wet_temp_c":25.72,"firing_model":"potato_early_blight_tomcast","firing_pathogen":"Alternaria solani","confidence":0.85}},{"type":"Feature","geometry":{"type":"Polygon","coordinates":[[[79.77,27.39],[79.79,27.39],[79.79,27.41],[79.77,27.41],[79.77,27.39]]]},"properties":{"cell_id":"FRK-R010-C019","band":"watch","risk":0.5,"physics_risk":0.5,"ml_delta":0.0,"dsv_today":0,"dsv_accum_7d":10,"criterion_met":true,"wet_hours":15,"min_temp_c":25.3,"mean_wet_temp_c":25.72,"firing_model":"potato_early_blight_tomcast","firing_pathogen":"Alternaria solani","confidence":0.85}},{"type":"Feature","geometry":{"type":"Polygon","coordinates":[[[79.79,27.39],[79.81,27.39],[79.81,27.41],[79.79,27.41],[79.79,27.39]]]},"properties":{"cell_id":"FRK-R010-C020","band":"watch","risk":0.5,"physics_risk":0.5,"ml_delta":0.0,"dsv_today":0,"dsv_accum_7d":10,"criterion_met":true,"wet_hours":15,"min_temp_c":25.3,"mean_wet_temp_c":25.71,"firing_model":"potato_early_blight_tomcast","firing_pathogen":"Alternaria solani","confidence":0.85}},{"type":"Feature","geometry":{"type":"Polygon","coordinates":[[[79.39,27.41],[79.41,27.41],[79.41,27.43],[79.39,27.43],[79.39,27.41]]]},"properties":{"cell_id":"FRK-R011-C000","band":"watch","risk":0.45,"physics_risk":0.45,"ml_delta":0.0,"dsv_today":1,"dsv_accum_7d":9,"criterion_met":true,"wet_hours":17,"min_temp_c":25.16,"mean_wet_temp_c":25.73,"firing_model":"potato_early_blight_tomcast","firing_pathogen":"Alternaria solani","confidence":0.85}},{"type":"Feature","geometry":{"type":"Polygon","coordinates":[[[79.41,27.41],[79.43,27.41],[79.43,27.43],[79.41,27.43],[79.41,27.41]]]},"properties":{"cell_id":"FRK-R011-C001","band":"watch","risk":0.45,"physics_risk":0.45,"ml_delta":0.0,"dsv_today":1,"dsv_accum_7d":9,"criterion_met":true,"wet_hours":17,"min_temp_c":25.18,"mean_wet_temp_c":25.75,"firing_model":"potato_early_blight_tomcast","firing_pathogen":"Alternaria solani","confidence":0.85}},{"type":"Feature","geometry":{"type":"Polygon","coordinates":[[[79.43,27.41],[79.45,27.41],[79.45,27.43],[79.43,27.43],[79.43,27.41]]]},"properties":{"cell_id":"FRK-R011-C002","band":"watch","risk":0.45,"physics_risk":0.45,"ml_delta":0.0,"dsv_today":1,"dsv_accum_7d":9,"criterion_met":true,"wet_hours":17,"min_temp_c":25.19,"mean_wet_temp_c":25.76,"firing_model":"potato_early_blight_tomcast","firing_pathogen":"Alternaria solani","confidence":0.85}},{"type":"Feature","geometry":{"type":"Polygon","coordinates":[[[79.45,27.41],[79.47,27.41],[79.47,27.43],[79.45,27.43],[79.45,27.41]]]},"properties":{"cell_id":"FRK-R011-C003","band":"watch","risk":0.45,"physics_risk":0.45,"ml_delta":0.0,"dsv_today":1,"dsv_accum_7d":9,"criterion_met":true,"wet_hours":17,"min_temp_c":25.21,"mean_wet_temp_c":25.78,"firing_model":"potato_early_blight_tomcast","firing_pathogen":"Alternaria solani","confidence":0.85}},{"type":"Feature","geometry":{"type":"Polygon","coordinates":[[[79.47,27.41],[79.49,27.41],[79.49,27.43],[79.47,27.43],[79.47,27.41]]]},"properties":{"cell_id":"FRK-R011-C004","band":"watch","risk":0.45,"physics_risk":0.45,"ml_delta":0.0,"dsv_today":1,"dsv_accum_7d":9,"criterion_met":true,"wet_hours":17,"min_temp_c":25.22,"mean_wet_temp_c":25.8,"firing_model":"potato_early_blight_tomcast","firing_pathogen":"Alternaria solani","confidence":0.85}},{"type":"Feature","geometry":{"type":"Polygon","coordinates":[[[79.49,27.41],[79.51,27.41],[79.51,27.43],[79.49,27.43],[79.49,27.41]]]},"properties":{"cell_id":"FRK-R011-C005","band":"watch","risk":0.4,"physics_risk":0.4,"ml_delta":0.0,"dsv_today":0,"dsv_accum_7d":8,"criterion_met":true,"wet_hours":16,"min_temp_c":25.24,"mean_wet_temp_c":25.67,"firing_model":"potato_early_blight_tomcast","firing_pathogen":"Alternaria solani","confidence":0.85}},{"type":"Feature","geometry":{"type":"Polygon","coordinates":[[[79.51,27.41],[79.53,27.41],[79.53,27.43],[79.51,27.43],[79.51,27.41]]]},"properties":{"cell_id":"FRK-R011-C006","band":"watch","risk":0.4,"physics_risk":0.4,"ml_delta":0.0,"dsv_today":0,"dsv_accum_7d":8,"criterion_met":true,"wet_hours":16,"min_temp_c":25.26,"mean_wet_temp_c":25.68,"firing_model":"potato_early_blight_tomcast","firing_pathogen":"Alternaria solani","confidence":0.85}},{"type":"Feature","geometry":{"type":"Polygon","coordinates":[[[79.53,27.41],[79.55,27.41],[79.55,27.43],[79.53,27.43],[79.53,27.41]]]},"properties":{"cell_id":"FRK-R011-C007","band":"watch","risk":0.45,"physics_risk":0.45,"ml_delta":0.0,"dsv_today":0,"dsv_accum_7d":9,"criterion_met":true,"wet_hours":16,"min_temp_c":25.28,"mean_wet_temp_c":25.69,"firing_model":"potato_early_blight_tomcast","firing_pathogen":"Alternaria solani","confidence":0.85}},{"type":"Feature","geometry":{"type":"Polygon","coordinates":[[[79.55,27.41],[79.57,27.41],[79.57,27.43],[79.55,27.43],[79.55,27.41]]]},"properties":{"cell_id":"FRK-R011-C008","band":"watch","risk":0.45,"physics_risk":0.45,"ml_delta":0.0,"dsv_today":0,"dsv_accum_7d":9,"criterion_met":true,"wet_hours":16,"min_temp_c":25.3,"mean_wet_temp_c":25.7,"firing_model":"potato_early_blight_tomcast","firing_pathogen":"Alternaria solani","confidence":0.85}},{"type":"Feature","geometry":{"type":"Polygon","coordinates":[[[79.57,27.41],[79.59,27.41],[79.59,27.43],[79.57,27.43],[79.57,27.41]]]},"properties":{"cell_id":"FRK-R011-C009","band":"watch","risk":0.45,"physics_risk":0.45,"ml_delta":0.0,"dsv_today":0,"dsv_accum_7d":9,"criterion_met":true,"wet_hours":16,"min_temp_c":25.32,"mean_wet_temp_c":25.71,"firing_model":"potato_early_blight_tomcast","firing_pathogen":"Alternaria solani","confidence":0.85}},{"type":"Feature","geometry":{"type":"Polygon","coordinates":[[[79.59,27.41],[79.61,27.41],[79.61,27.43],[79.59,27.43],[79.59,27.41]]]},"properties":{"cell_id":"FRK-R011-C010","band":"watch","risk":0.45,"physics_risk":0.45,"ml_delta":0.0,"dsv_today":0,"dsv_accum_7d":9,"criterion_met":true,"wet_hours":16,"min_temp_c":25.34,"mean_wet_temp_c":25.73,"firing_model":"potato_early_blight_tomcast","firing_pathogen":"Alternaria solani","confidence":0.85}},{"type":"Feature","geometry":{"type":"Polygon","coordinates":[[[79.61,27.41],[79.63,27.41],[79.63,27.43],[79.61,27.43],[79.61,27.41]]]},"properties":{"cell_id":"FRK-R011-C011","band":"watch","risk":0.5,"physics_risk":0.5,"ml_delta":0.0,"dsv_today":0,"dsv_accum_7d":10,"criterion_met":true,"wet_hours":16,"min_temp_c":25.34,"mean_wet_temp_c":25.73,"firing_model":"potato_early_blight_tomcast","firing_pathogen":"Alternaria solani","confidence":0.85}},{"type":"Feature","geometry":{"type":"Polygon","coordinates":[[[79.63,27.41],[79.65,27.41],[79.65,27.43],[79.63,27.43],[79.63,27.41]]]},"properties":{"cell_id":"FRK-R011-C012","band":"watch","risk":0.5,"physics_risk":0.5,"ml_delta":0.0,"dsv_today":0,"dsv_accum_7d":10,"criterion_met":true,"wet_hours":16,"min_temp_c":25.34,"mean_wet_temp_c":25.73,"firing_model":"potato_early_blight_tomcast","firing_pathogen":"Alternaria solani","confidence":0.85}},{"type":"Feature","geometry":{"type":"Polygon","coordinates":[[[79.65,27.41],[79.67,27.41],[79.67,27.43],[79.65,27.43],[79.65,27.41]]]},"properties":{"cell_id":"FRK-R011-C013","band":"watch","risk":0.55,"physics_risk":0.55,"ml_delta":0.0,"dsv_today":1,"dsv_accum_7d":11,"criterion_met":true,"wet_hours":17,"min_temp_c":25.34,"mean_wet_temp_c":25.89,"firing_model":"potato_early_blight_tomcast","firing_pathogen":"Alternaria solani","confidence":0.85}},{"type":"Feature","geometry":{"type":"Polygon","coordinates":[[[79.67,27.41],[79.69,27.41],[79.69,27.43],[79.67,27.43],[79.67,27.41]]]},"properties":{"cell_id":"FRK-R011-C014","band":"watch","risk":0.55,"physics_risk":0.55,"ml_delta":0.0,"dsv_today":1,"dsv_accum_7d":11,"criterion_met":true,"wet_hours":17,"min_temp_c":25.34,"mean_wet_temp_c":25.9,"firing_model":"potato_early_blight_tomcast","firing_pathogen":"Alternaria solani","confidence":0.85}},{"type":"Feature","geometry":{"type":"Polygon","coordinates":[[[79.69,27.41],[79.71,27.41],[79.71,27.43],[79.69,27.43],[79.69,27.41]]]},"properties":{"cell_id":"FRK-R011-C015","band":"watch","risk":0.55,"physics_risk":0.55,"ml_delta":0.0,"dsv_today":1,"dsv_accum_7d":11,"criterion_met":true,"wet_hours":17,"min_temp_c":25.34,"mean_wet_temp_c":25.9,"firing_model":"potato_early_blight_tomcast","firing_pathogen":"Alternaria solani","confidence":0.85}},{"type":"Feature","geometry":{"type":"Polygon","coordinates":[[[79.71,27.41],[79.73,27.41],[79.73,27.43],[79.71,27.43],[79.71,27.41]]]},"properties":{"cell_id":"FRK-R011-C016","band":"watch","risk":0.55,"physics_risk":0.55,"ml_delta":0.0,"dsv_today":1,"dsv_accum_7d":11,"criterion_met":true,"wet_hours":17,"min_temp_c":25.34,"mean_wet_temp_c":25.9,"firing_model":"potato_early_blight_tomcast","firing_pathogen":"Alternaria solani","confidence":0.85}},{"type":"Feature","geometry":{"type":"Polygon","coordinates":[[[79.73,27.41],[79.75,27.41],[79.75,27.43],[79.73,27.43],[79.73,27.41]]]},"properties":{"cell_id":"FRK-R011-C017","band":"watch","risk":0.55,"physics_risk":0.55,"ml_delta":0.0,"dsv_today":1,"dsv_accum_7d":11,"criterion_met":true,"wet_hours":16,"min_temp_c":25.34,"mean_wet_temp_c":25.89,"firing_model":"potato_early_blight_tomcast","firing_pathogen":"Alternaria solani","confidence":0.85}},{"type":"Feature","geometry":{"type":"Polygon","coordinates":[[[79.75,27.41],[79.77,27.41],[79.77,27.43],[79.75,27.43],[79.75,27.41]]]},"properties":{"cell_id":"FRK-R011-C018","band":"watch","risk":0.55,"physics_risk":0.55,"ml_delta":0.0,"dsv_today":1,"dsv_accum_7d":11,"criterion_met":true,"wet_hours":16,"min_temp_c":25.34,"mean_wet_temp_c":25.89,"firing_model":"potato_early_blight_tomcast","firing_pathogen":"Alternaria solani","confidence":0.85}},{"type":"Feature","geometry":{"type":"Polygon","coordinates":[[[79.77,27.41],[79.79,27.41],[79.79,27.43],[79.77,27.43],[79.77,27.41]]]},"properties":{"cell_id":"FRK-R011-C019","band":"watch","risk":0.55,"physics_risk":0.55,"ml_delta":0.0,"dsv_today":1,"dsv_accum_7d":11,"criterion_met":true,"wet_hours":16,"min_temp_c":25.34,"mean_wet_temp_c":25.88,"firing_model":"potato_early_blight_tomcast","firing_pathogen":"Alternaria solani","confidence":0.85}},{"type":"Feature","geometry":{"type":"Polygon","coordinates":[[[79.79,27.41],[79.81,27.41],[79.81,27.43],[79.79,27.43],[79.79,27.41]]]},"properties":{"cell_id":"FRK-R011-C020","band":"watch","risk":0.55,"physics_risk":0.55,"ml_delta":0.0,"dsv_today":1,"dsv_accum_7d":11,"criterion_met":true,"wet_hours":16,"min_temp_c":25.34,"mean_wet_temp_c":25.88,"firing_model":"potato_early_blight_tomcast","firing_pathogen":"Alternaria solani","confidence":0.85}},{"type":"Feature","geometry":{"type":"Polygon","coordinates":[[[79.39,27.43],[79.41,27.43],[79.41,27.45],[79.39,27.45],[79.39,27.43]]]},"properties":{"cell_id":"FRK-R012-C000","band":"watch","risk":0.4,"physics_risk":0.4,"ml_delta":0.0,"dsv_today":1,"dsv_accum_7d":8,"criterion_met":true,"wet_hours":17,"min_temp_c":25.22,"mean_wet_temp_c":25.76,"firing_model":"potato_early_blight_tomcast","firing_pathogen":"Alternaria solani","confidence":0.85}},{"type":"Feature","geometry":{"type":"Polygon","coordinates":[[[79.41,27.43],[79.43,27.43],[79.43,27.45],[79.41,27.45],[79.41,27.43]]]},"properties":{"cell_id":"FRK-R012-C001","band":"watch","risk":0.4,"physics_risk":0.4,"ml_delta":0.0,"dsv_today":1,"dsv_accum_7d":8,"criterion_met":true,"wet_hours":17,"min_temp_c":25.23,"mean_wet_temp_c":25.77,"firing_model":"potato_early_blight_tomcast","firing_pathogen":"Alternaria solani","confidence":0.85}},{"type":"Feature","geometry":{"type":"Polygon","coordinates":[[[79.43,27.43],[79.45,27.43],[79.45,27.45],[79.43,27.45],[79.43,27.43]]]},"properties":{"cell_id":"FRK-R012-C002","band":"watch","risk":0.4,"physics_risk":0.4,"ml_delta":0.0,"dsv_today":1,"dsv_accum_7d":8,"criterion_met":true,"wet_hours":17,"min_temp_c":25.24,"mean_wet_temp_c":25.79,"firing_model":"potato_early_blight_tomcast","firing_pathogen":"Alternaria solani","confidence":0.85}},{"type":"Feature","geometry":{"type":"Polygon","coordinates":[[[79.45,27.43],[79.47,27.43],[79.47,27.45],[79.45,27.45],[79.45,27.43]]]},"properties":{"cell_id":"FRK-R012-C003","band":"watch","risk":0.4,"physics_risk":0.4,"ml_delta":0.0,"dsv_today":1,"dsv_accum_7d":8,"criterion_met":true,"wet_hours":17,"min_temp_c":25.26,"mean_wet_temp_c":25.8,"firing_model":"potato_early_blight_tomcast","firing_pathogen":"Alternaria solani","confidence":0.85}},{"type":"Feature","geometry":{"type":"Polygon","coordinates":[[[79.47,27.43],[79.49,27.43],[79.49,27.45],[79.47,27.45],[79.47,27.43]]]},"properties":{"cell_id":"FRK-R012-C004","band":"watch","risk":0.4,"physics_risk":0.4,"ml_delta":0.0,"dsv_today":1,"dsv_accum_7d":8,"criterion_met":true,"wet_hours":17,"min_temp_c":25.27,"mean_wet_temp_c":25.82,"firing_model":"potato_early_blight_tomcast","firing_pathogen":"Alternaria solani","confidence":0.85}},{"type":"Feature","geometry":{"type":"Polygon","coordinates":[[[79.49,27.43],[79.51,27.43],[79.51,27.45],[79.49,27.45],[79.49,27.43]]]},"properties":{"cell_id":"FRK-R012-C005","band":"watch","risk":0.4,"physics_risk":0.4,"ml_delta":0.0,"dsv_today":0,"dsv_accum_7d":8,"criterion_met":true,"wet_hours":16,"min_temp_c":25.28,"mean_wet_temp_c":25.7,"firing_model":"potato_early_blight_tomcast","firing_pathogen":"Alternaria solani","confidence":0.85}},{"type":"Feature","geometry":{"type":"Polygon","coordinates":[[[79.51,27.43],[79.53,27.43],[79.53,27.45],[79.51,27.45],[79.51,27.43]]]},"properties":{"cell_id":"FRK-R012-C006","band":"watch","risk":0.45,"physics_risk":0.45,"ml_delta":0.0,"dsv_today":1,"dsv_accum_7d":9,"criterion_met":true,"wet_hours":17,"min_temp_c":25.3,"mean_wet_temp_c":25.84,"firing_model":"potato_early_blight_tomcast","firing_pathogen":"Alternaria solani","confidence":0.85}},{"type":"Feature","geometry":{"type":"Polygon","coordinates":[[[79.53,27.43],[79.55,27.43],[79.55,27.45],[79.53,27.45],[79.53,27.43]]]},"properties":{"cell_id":"FRK-R012-C007","band":"watch","risk":0.45,"physics_risk":0.45,"ml_delta":0.0,"dsv_today":1,"dsv_accum_7d":9,"criterion_met":true,"wet_hours":17,"min_temp_c":25.32,"mean_wet_temp_c":25.86,"firing_model":"potato_early_blight_tomcast","firing_pathogen":"Alternaria solani","confidence":0.85}},{"type":"Feature","geometry":{"type":"Polygon","coordinates":[[[79.55,27.43],[79.57,27.43],[79.57,27.45],[79.55,27.45],[79.55,27.43]]]},"properties":{"cell_id":"FRK-R012-C008","band":"watch","risk":0.5,"physics_risk":0.5,"ml_delta":0.0,"dsv_today":1,"dsv_accum_7d":10,"criterion_met":true,"wet_hours":17,"min_temp_c":25.34,"mean_wet_temp_c":25.87,"firing_model":"potato_early_blight_tomcast","firing_pathogen":"Alternaria solani","confidence":0.85}},{"type":"Feature","geometry":{"type":"Polygon","coordinates":[[[79.57,27.43],[79.59,27.43],[79.59,27.45],[79.57,27.45],[79.57,27.43]]]},"properties":{"cell_id":"FRK-R012-C009","band":"watch","risk":0.5,"physics_risk":0.5,"ml_delta":0.0,"dsv_today":1,"dsv_accum_7d":10,"criterion_met":true,"wet_hours":17,"min_temp_c":25.36,"mean_wet_temp_c":25.88,"firing_model":"potato_early_blight_tomcast","firing_pathogen":"Alternaria solani","confidence":0.85}},{"type":"Feature","geometry":{"type":"Polygon","coordinates":[[[79.59,27.43],[79.61,27.43],[79.61,27.45],[79.59,27.45],[79.59,27.43]]]},"properties":{"cell_id":"FRK-R012-C010","band":"watch","risk":0.5,"physics_risk":0.5,"ml_delta":0.0,"dsv_today":1,"dsv_accum_7d":10,"criterion_met":true,"wet_hours":17,"min_temp_c":25.38,"mean_wet_temp_c":25.89,"firing_model":"potato_early_blight_tomcast","firing_pathogen":"Alternaria solani","confidence":0.85}},{"type":"Feature","geometry":{"type":"Polygon","coordinates":[[[79.61,27.43],[79.63,27.43],[79.63,27.45],[79.61,27.45],[79.61,27.43]]]},"properties":{"cell_id":"FRK-R012-C011","band":"watch","risk":0.5,"physics_risk":0.5,"ml_delta":0.0,"dsv_today":1,"dsv_accum_7d":10,"criterion_met":true,"wet_hours":17,"min_temp_c":25.38,"mean_wet_temp_c":25.89,"firing_model":"potato_early_blight_tomcast","firing_pathogen":"Alternaria solani","confidence":0.85}},{"type":"Feature","geometry":{"type":"Polygon","coordinates":[[[79.63,27.43],[79.65,27.43],[79.65,27.45],[79.63,27.45],[79.63,27.43]]]},"properties":{"cell_id":"FRK-R012-C012","band":"watch","risk":0.5,"physics_risk":0.5,"ml_delta":0.0,"dsv_today":1,"dsv_accum_7d":10,"criterion_met":true,"wet_hours":17,"min_temp_c":25.38,"mean_wet_temp_c":25.9,"firing_model":"potato_early_blight_tomcast","firing_pathogen":"Alternaria solani","confidence":0.85}},{"type":"Feature","geometry":{"type":"Polygon","coordinates":[[[79.65,27.43],[79.67,27.43],[79.67,27.45],[79.65,27.45],[79.65,27.43]]]},"properties":{"cell_id":"FRK-R012-C013","band":"watch","risk":0.5,"physics_risk":0.5,"ml_delta":0.0,"dsv_today":1,"dsv_accum_7d":10,"criterion_met":true,"wet_hours":17,"min_temp_c":25.38,"mean_wet_temp_c":25.9,"firing_model":"potato_early_blight_tomcast","firing_pathogen":"Alternaria solani","confidence":0.85}},{"type":"Feature","geometry":{"type":"Polygon","coordinates":[[[79.67,27.43],[79.69,27.43],[79.69,27.45],[79.67,27.45],[79.67,27.43]]]},"properties":{"cell_id":"FRK-R012-C014","band":"watch","risk":0.5,"physics_risk":0.5,"ml_delta":0.0,"dsv_today":1,"dsv_accum_7d":10,"criterion_met":true,"wet_hours":17,"min_temp_c":25.38,"mean_wet_temp_c":25.9,"firing_model":"potato_early_blight_tomcast","firing_pathogen":"Alternaria solani","confidence":0.85}},{"type":"Feature","geometry":{"type":"Polygon","coordinates":[[[79.69,27.43],[79.71,27.43],[79.71,27.45],[79.69,27.45],[79.69,27.43]]]},"properties":{"cell_id":"FRK-R012-C015","band":"watch","risk":0.5,"physics_risk":0.5,"ml_delta":0.0,"dsv_today":1,"dsv_accum_7d":10,"criterion_met":true,"wet_hours":17,"min_temp_c":25.38,"mean_wet_temp_c":25.9,"firing_model":"potato_early_blight_tomcast","firing_pathogen":"Alternaria solani","confidence":0.85}},{"type":"Feature","geometry":{"type":"Polygon","coordinates":[[[79.71,27.43],[79.73,27.43],[79.73,27.45],[79.71,27.45],[79.71,27.43]]]},"properties":{"cell_id":"FRK-R012-C016","band":"watch","risk":0.5,"physics_risk":0.5,"ml_delta":0.0,"dsv_today":1,"dsv_accum_7d":10,"criterion_met":true,"wet_hours":17,"min_temp_c":25.38,"mean_wet_temp_c":25.9,"firing_model":"potato_early_blight_tomcast","firing_pathogen":"Alternaria solani","confidence":0.85}},{"type":"Feature","geometry":{"type":"Polygon","coordinates":[[[79.73,27.43],[79.75,27.43],[79.75,27.45],[79.73,27.45],[79.73,27.43]]]},"properties":{"cell_id":"FRK-R012-C017","band":"watch","risk":0.5,"physics_risk":0.5,"ml_delta":0.0,"dsv_today":1,"dsv_accum_7d":10,"criterion_met":true,"wet_hours":17,"min_temp_c":25.38,"mean_wet_temp_c":25.9,"firing_model":"potato_early_blight_tomcast","firing_pathogen":"Alternaria solani","confidence":0.85}},{"type":"Feature","geometry":{"type":"Polygon","coordinates":[[[79.75,27.43],[79.77,27.43],[79.77,27.45],[79.75,27.45],[79.75,27.43]]]},"properties":{"cell_id":"FRK-R012-C018","band":"watch","risk":0.5,"physics_risk":0.5,"ml_delta":0.0,"dsv_today":1,"dsv_accum_7d":10,"criterion_met":true,"wet_hours":17,"min_temp_c":25.38,"mean_wet_temp_c":25.9,"firing_model":"potato_early_blight_tomcast","firing_pathogen":"Alternaria solani","confidence":0.85}},{"type":"Feature","geometry":{"type":"Polygon","coordinates":[[[79.77,27.43],[79.79,27.43],[79.79,27.45],[79.77,27.45],[79.77,27.43]]]},"properties":{"cell_id":"FRK-R012-C019","band":"watch","risk":0.5,"physics_risk":0.5,"ml_delta":0.0,"dsv_today":1,"dsv_accum_7d":10,"criterion_met":true,"wet_hours":16,"min_temp_c":25.38,"mean_wet_temp_c":25.89,"firing_model":"potato_early_blight_tomcast","firing_pathogen":"Alternaria solani","confidence":0.85}},{"type":"Feature","geometry":{"type":"Polygon","coordinates":[[[79.79,27.43],[79.81,27.43],[79.81,27.45],[79.79,27.45],[79.79,27.43]]]},"properties":{"cell_id":"FRK-R012-C020","band":"watch","risk":0.5,"physics_risk":0.5,"ml_delta":0.0,"dsv_today":1,"dsv_accum_7d":10,"criterion_met":true,"wet_hours":16,"min_temp_c":25.38,"mean_wet_temp_c":25.89,"firing_model":"potato_early_blight_tomcast","firing_pathogen":"Alternaria solani","confidence":0.85}},{"type":"Feature","geometry":{"type":"Polygon","coordinates":[[[79.39,27.45],[79.41,27.45],[79.41,27.47],[79.39,27.47],[79.39,27.45]]]},"properties":{"cell_id":"FRK-R013-C000","band":"watch","risk":0.4,"physics_risk":0.4,"ml_delta":0.0,"dsv_today":1,"dsv_accum_7d":8,"criterion_met":true,"wet_hours":17,"min_temp_c":25.28,"mean_wet_temp_c":25.78,"firing_model":"potato_early_blight_tomcast","firing_pathogen":"Alternaria solani","confidence":0.85}},{"type":"Feature","geometry":{"type":"Polygon","coordinates":[[[79.41,27.45],[79.43,27.45],[79.43,27.47],[79.41,27.47],[79.41,27.45]]]},"properties":{"cell_id":"FRK-R013-C001","band":"watch","risk":0.4,"physics_risk":0.4,"ml_delta":0.0,"dsv_today":1,"dsv_accum_7d":8,"criterion_met":true,"wet_hours":17,"min_temp_c":25.29,"mean_wet_temp_c":25.79,"firing_model":"potato_early_blight_tomcast","firing_pathogen":"Alternaria solani","confidence":0.85}},{"type":"Feature","geometry":{"type":"Polygon","coordinates":[[[79.43,27.45],[79.45,27.45],[79.45,27.47],[79.43,27.47],[79.43,27.45]]]},"properties":{"cell_id":"FRK-R013-C002","band":"watch","risk":0.4,"physics_risk":0.4,"ml_delta":0.0,"dsv_today":1,"dsv_accum_7d":8,"criterion_met":true,"wet_hours":17,"min_temp_c":25.3,"mean_wet_temp_c":25.81,"firing_model":"potato_early_blight_tomcast","firing_pathogen":"Alternaria solani","confidence":0.85}},{"type":"Feature","geometry":{"type":"Polygon","coordinates":[[[79.45,27.45],[79.47,27.45],[79.47,27.47],[79.45,27.47],[79.45,27.45]]]},"properties":{"cell_id":"FRK-R013-C003","band":"watch","risk":0.35,"physics_risk":0.35,"ml_delta":0.0,"dsv_today":1,"dsv_accum_7d":7,"criterion_met":true,"wet_hours":17,"min_temp_c":25.3,"mean_wet_temp_c":25.82,"firing_model":"potato_early_blight_tomcast","firing_pathogen":"Alternaria solani","confidence":0.85}},{"type":"Feature","geometry":{"type":"Polygon","coordinates":[[[79.47,27.45],[79.49,27.45],[79.49,27.47],[79.47,27.47],[79.47,27.45]]]},"properties":{"cell_id":"FRK-R013-C004","band":"watch","risk":0.35,"physics_risk":0.35,"ml_delta":0.0,"dsv_today":1,"dsv_accum_7d":7,"criterion_met":true,"wet_hours":17,"min_temp_c":25.31,"mean_wet_temp_c":25.84,"firing_model":"potato_early_blight_tomcast","firing_pathogen":"Alternaria solani","confidence":0.85}},{"type":"Feature","geometry":{"type":"Polygon","coordinates":[[[79.49,27.45],[79.51,27.45],[79.51,27.47],[79.49,27.47],[79.49,27.45]]]},"properties":{"cell_id":"FRK-R013-C005","band":"watch","risk":0.45,"physics_risk":0.45,"ml_delta":0.0,"dsv_today":1,"dsv_accum_7d":9,"criterion_met":true,"wet_hours":17,"min_temp_c":25.32,"mean_wet_temp_c":25.86,"firing_model":"potato_early_blight_tomcast","firing_pathogen":"Alternaria solani","confidence":0.85}},{"type":"Feature","geometry":{"type":"Polygon","coordinates":[[[79.51,27.45],[79.53,27.45],[79.53,27.47],[79.51,27.47],[79.51,27.45]]]},"properties":{"cell_id":"FRK-R013-C006","band":"watch","risk":0.45,"physics_risk":0.45,"ml_delta":0.0,"dsv_today":1,"dsv_accum_7d":9,"criterion_met":true,"wet_hours":17,"min_temp_c":25.34,"mean_wet_temp_c":25.86,"firing_model":"potato_early_blight_tomcast","firing_pathogen":"Alternaria solani","confidence":0.85}},{"type":"Feature","geometry":{"type":"Polygon","coordinates":[[[79.53,27.45],[79.55,27.45],[79.55,27.47],[79.53,27.47],[79.53,27.45]]]},"properties":{"cell_id":"FRK-R013-C007","band":"watch","risk":0.45,"physics_risk":0.45,"ml_delta":0.0,"dsv_today":1,"dsv_accum_7d":9,"criterion_met":true,"wet_hours":17,"min_temp_c":25.36,"mean_wet_temp_c":25.87,"firing_model":"potato_early_blight_tomcast","firing_pathogen":"Alternaria solani","confidence":0.85}},{"type":"Feature","geometry":{"type":"Polygon","coordinates":[[[79.55,27.45],[79.57,27.45],[79.57,27.47],[79.55,27.47],[79.55,27.45]]]},"properties":{"cell_id":"FRK-R013-C008","band":"watch","risk":0.5,"physics_risk":0.5,"ml_delta":0.0,"dsv_today":1,"dsv_accum_7d":10,"criterion_met":true,"wet_hours":17,"min_temp_c":25.38,"mean_wet_temp_c":25.88,"firing_model":"potato_early_blight_tomcast","firing_pathogen":"Alternaria solani","confidence":0.85}},{"type":"Feature","geometry":{"type":"Polygon","coordinates":[[[79.57,27.45],[79.59,27.45],[79.59,27.47],[79.57,27.47],[79.57,27.45]]]},"properties":{"cell_id":"FRK-R013-C009","band":"watch","risk":0.55,"physics_risk":0.55,"ml_delta":0.0,"dsv_today":1,"dsv_accum_7d":11,"criterion_met":true,"wet_hours":17,"min_temp_c":25.4,"mean_wet_temp_c":25.89,"firing_model":"potato_early_blight_tomcast","firing_pathogen":"Alternaria solani","confidence":0.85}},{"type":"Feature","geometry":{"type":"Polygon","coordinates":[[[79.59,27.45],[79.61,27.45],[79.61,27.47],[79.59,27.47],[79.59,27.45]]]},"properties":{"cell_id":"FRK-R013-C010","band":"watch","risk":0.55,"physics_risk":0.55,"ml_delta":0.0,"dsv_today":1,"dsv_accum_7d":11,"criterion_met":true,"wet_hours":17,"min_temp_c":25.42,"mean_wet_temp_c":25.9,"firing_model":"potato_early_blight_tomcast","firing_pathogen":"Alternaria solani","confidence":0.85}},{"type":"Feature","geometry":{"type":"Polygon","coordinates":[[[79.61,27.45],[79.63,27.45],[79.63,27.47],[79.61,27.47],[79.61,27.45]]]},"properties":{"cell_id":"FRK-R013-C011","band":"watch","risk":0.5,"physics_risk":0.5,"ml_delta":0.0,"dsv_today":1,"dsv_accum_7d":10,"criterion_met":true,"wet_hours":17,"min_temp_c":25.42,"mean_wet_temp_c":25.9,"firing_model":"potato_early_blight_tomcast","firing_pathogen":"Alternaria solani","confidence":0.85}},{"type":"Feature","geometry":{"type":"Polygon","coordinates":[[[79.63,27.45],[79.65,27.45],[79.65,27.47],[79.63,27.47],[79.63,27.45]]]},"properties":{"cell_id":"FRK-R013-C012","band":"watch","risk":0.5,"physics_risk":0.5,"ml_delta":0.0,"dsv_today":1,"dsv_accum_7d":10,"criterion_met":true,"wet_hours":17,"min_temp_c":25.42,"mean_wet_temp_c":25.9,"firing_model":"potato_early_blight_tomcast","firing_pathogen":"Alternaria solani","confidence":0.85}},{"type":"Feature","geometry":{"type":"Polygon","coordinates":[[[79.65,27.45],[79.67,27.45],[79.67,27.47],[79.65,27.47],[79.65,27.45]]]},"properties":{"cell_id":"FRK-R013-C013","band":"watch","risk":0.5,"physics_risk":0.5,"ml_delta":0.0,"dsv_today":1,"dsv_accum_7d":10,"criterion_met":true,"wet_hours":17,"min_temp_c":25.42,"mean_wet_temp_c":25.9,"firing_model":"potato_early_blight_tomcast","firing_pathogen":"Alternaria solani","confidence":0.85}},{"type":"Feature","geometry":{"type":"Polygon","coordinates":[[[79.67,27.45],[79.69,27.45],[79.69,27.47],[79.67,27.47],[79.67,27.45]]]},"properties":{"cell_id":"FRK-R013-C014","band":"watch","risk":0.5,"physics_risk":0.5,"ml_delta":0.0,"dsv_today":1,"dsv_accum_7d":10,"criterion_met":true,"wet_hours":17,"min_temp_c":25.42,"mean_wet_temp_c":25.91,"firing_model":"potato_early_blight_tomcast","firing_pathogen":"Alternaria solani","confidence":0.85}},{"type":"Feature","geometry":{"type":"Polygon","coordinates":[[[79.69,27.45],[79.71,27.45],[79.71,27.47],[79.69,27.47],[79.69,27.45]]]},"properties":{"cell_id":"FRK-R013-C015","band":"watch","risk":0.5,"physics_risk":0.5,"ml_delta":0.0,"dsv_today":1,"dsv_accum_7d":10,"criterion_met":true,"wet_hours":17,"min_temp_c":25.42,"mean_wet_temp_c":25.91,"firing_model":"potato_early_blight_tomcast","firing_pathogen":"Alternaria solani","confidence":0.85}},{"type":"Feature","geometry":{"type":"Polygon","coordinates":[[[79.71,27.45],[79.73,27.45],[79.73,27.47],[79.71,27.47],[79.71,27.45]]]},"properties":{"cell_id":"FRK-R013-C016","band":"watch","risk":0.5,"physics_risk":0.5,"ml_delta":0.0,"dsv_today":1,"dsv_accum_7d":10,"criterion_met":true,"wet_hours":17,"min_temp_c":25.42,"mean_wet_temp_c":25.91,"firing_model":"potato_early_blight_tomcast","firing_pathogen":"Alternaria solani","confidence":0.85}},{"type":"Feature","geometry":{"type":"Polygon","coordinates":[[[79.73,27.45],[79.75,27.45],[79.75,27.47],[79.73,27.47],[79.73,27.45]]]},"properties":{"cell_id":"FRK-R013-C017","band":"watch","risk":0.5,"physics_risk":0.5,"ml_delta":0.0,"dsv_today":1,"dsv_accum_7d":10,"criterion_met":true,"wet_hours":17,"min_temp_c":25.42,"mean_wet_temp_c":25.9,"firing_model":"potato_early_blight_tomcast","firing_pathogen":"Alternaria solani","confidence":0.85}},{"type":"Feature","geometry":{"type":"Polygon","coordinates":[[[79.75,27.45],[79.77,27.45],[79.77,27.47],[79.75,27.47],[79.75,27.45]]]},"properties":{"cell_id":"FRK-R013-C018","band":"watch","risk":0.5,"physics_risk":0.5,"ml_delta":0.0,"dsv_today":1,"dsv_accum_7d":10,"criterion_met":true,"wet_hours":17,"min_temp_c":25.42,"mean_wet_temp_c":25.9,"firing_model":"potato_early_blight_tomcast","firing_pathogen":"Alternaria solani","confidence":0.85}},{"type":"Feature","geometry":{"type":"Polygon","coordinates":[[[79.77,27.45],[79.79,27.45],[79.79,27.47],[79.77,27.47],[79.77,27.45]]]},"properties":{"cell_id":"FRK-R013-C019","band":"watch","risk":0.5,"physics_risk":0.5,"ml_delta":0.0,"dsv_today":1,"dsv_accum_7d":10,"criterion_met":true,"wet_hours":17,"min_temp_c":25.42,"mean_wet_temp_c":25.9,"firing_model":"potato_early_blight_tomcast","firing_pathogen":"Alternaria solani","confidence":0.85}},{"type":"Feature","geometry":{"type":"Polygon","coordinates":[[[79.79,27.45],[79.81,27.45],[79.81,27.47],[79.79,27.47],[79.79,27.45]]]},"properties":{"cell_id":"FRK-R013-C020","band":"watch","risk":0.5,"physics_risk":0.5,"ml_delta":0.0,"dsv_today":1,"dsv_accum_7d":10,"criterion_met":true,"wet_hours":17,"min_temp_c":25.42,"mean_wet_temp_c":25.9,"firing_model":"potato_early_blight_tomcast","firing_pathogen":"Alternaria solani","confidence":0.85}},{"type":"Feature","geometry":{"type":"Polygon","coordinates":[[[79.39,27.47],[79.41,27.47],[79.41,27.49],[79.39,27.49],[79.39,27.47]]]},"properties":{"cell_id":"FRK-R014-C000","band":"watch","risk":0.35,"physics_risk":0.35,"ml_delta":0.0,"dsv_today":1,"dsv_accum_7d":7,"criterion_met":true,"wet_hours":17,"min_temp_c":25.3,"mean_wet_temp_c":25.8,"firing_model":"potato_early_blight_tomcast","firing_pathogen":"Alternaria solani","confidence":0.85}},{"type":"Feature","geometry":{"type":"Polygon","coordinates":[[[79.41,27.47],[79.43,27.47],[79.43,27.49],[79.41,27.49],[79.41,27.47]]]},"properties":{"cell_id":"FRK-R014-C001","band":"watch","risk":0.35,"physics_risk":0.35,"ml_delta":0.0,"dsv_today":1,"dsv_accum_7d":7,"criterion_met":true,"wet_hours":17,"min_temp_c":25.34,"mean_wet_temp_c":25.82,"firing_model":"potato_early_blight_tomcast","firing_pathogen":"Alternaria solani","confidence":0.85}},{"type":"Feature","geometry":{"type":"Polygon","coordinates":[[[79.43,27.47],[79.45,27.47],[79.45,27.49],[79.43,27.49],[79.43,27.47]]]},"properties":{"cell_id":"FRK-R014-C002","band":"watch","risk":0.35,"physics_risk":0.35,"ml_delta":0.0,"dsv_today":1,"dsv_accum_7d":7,"criterion_met":true,"wet_hours":17,"min_temp_c":25.35,"mean_wet_temp_c":25.83,"firing_model":"potato_early_blight_tomcast","firing_pathogen":"Alternaria solani","confidence":0.85}},{"type":"Feature","geometry":{"type":"Polygon","coordinates":[[[79.45,27.47],[79.47,27.47],[79.47,27.49],[79.45,27.49],[79.45,27.47]]]},"properties":{"cell_id":"FRK-R014-C003","band":"watch","risk":0.35,"physics_risk":0.35,"ml_delta":0.0,"dsv_today":1,"dsv_accum_7d":7,"criterion_met":true,"wet_hours":17,"min_temp_c":25.35,"mean_wet_temp_c":25.85,"firing_model":"potato_early_blight_tomcast","firing_pathogen":"Alternaria solani","confidence":0.85}},{"type":"Feature","geometry":{"type":"Polygon","coordinates":[[[79.47,27.47],[79.49,27.47],[79.49,27.49],[79.47,27.49],[79.47,27.47]]]},"properties":{"cell_id":"FRK-R014-C004","band":"watch","risk":0.35,"physics_risk":0.35,"ml_delta":0.0,"dsv_today":1,"dsv_accum_7d":7,"criterion_met":true,"wet_hours":17,"min_temp_c":25.36,"mean_wet_temp_c":25.86,"firing_model":"potato_early_blight_tomcast","firing_pathogen":"Alternaria solani","confidence":0.85}},{"type":"Feature","geometry":{"type":"Polygon","coordinates":[[[79.49,27.47],[79.51,27.47],[79.51,27.49],[79.49,27.49],[79.49,27.47]]]},"properties":{"cell_id":"FRK-R014-C005","band":"watch","risk":0.45,"physics_risk":0.45,"ml_delta":0.0,"dsv_today":1,"dsv_accum_7d":9,"criterion_met":true,"wet_hours":17,"min_temp_c":25.36,"mean_wet_temp_c":25.88,"firing_model":"potato_early_blight_tomcast","firing_pathogen":"Alternaria solani","confidence":0.85}},{"type":"Feature","geometry":{"type":"Polygon","coordinates":[[[79.51,27.47],[79.53,27.47],[79.53,27.49],[79.51,27.49],[79.51,27.47]]]},"properties":{"cell_id":"FRK-R014-C006","band":"watch","risk":0.45,"physics_risk":0.45,"ml_delta":0.0,"dsv_today":1,"dsv_accum_7d":9,"criterion_met":true,"wet_hours":17,"min_temp_c":25.38,"mean_wet_temp_c":25.88,"firing_model":"potato_early_blight_tomcast","firing_pathogen":"Alternaria solani","confidence":0.85}},{"type":"Feature","geometry":{"type":"Polygon","coordinates":[[[79.53,27.47],[79.55,27.47],[79.55,27.49],[79.53,27.49],[79.53,27.47]]]},"properties":{"cell_id":"FRK-R014-C007","band":"watch","risk":0.5,"physics_risk":0.5,"ml_delta":0.0,"dsv_today":1,"dsv_accum_7d":10,"criterion_met":true,"wet_hours":17,"min_temp_c":25.4,"mean_wet_temp_c":25.89,"firing_model":"potato_early_blight_tomcast","firing_pathogen":"Alternaria solani","confidence":0.85}},{"type":"Feature","geometry":{"type":"Polygon","coordinates":[[[79.55,27.47],[79.57,27.47],[79.57,27.49],[79.55,27.49],[79.55,27.47]]]},"properties":{"cell_id":"FRK-R014-C008","band":"watch","risk":0.5,"physics_risk":0.5,"ml_delta":0.0,"dsv_today":1,"dsv_accum_7d":10,"criterion_met":true,"wet_hours":17,"min_temp_c":25.42,"mean_wet_temp_c":25.9,"firing_model":"potato_early_blight_tomcast","firing_pathogen":"Alternaria solani","confidence":0.85}},{"type":"Feature","geometry":{"type":"Polygon","coordinates":[[[79.57,27.47],[79.59,27.47],[79.59,27.49],[79.57,27.49],[79.57,27.47]]]},"properties":{"cell_id":"FRK-R014-C009","band":"watch","risk":0.5,"physics_risk":0.5,"ml_delta":0.0,"dsv_today":1,"dsv_accum_7d":10,"criterion_met":true,"wet_hours":17,"min_temp_c":25.44,"mean_wet_temp_c":25.9,"firing_model":"potato_early_blight_tomcast","firing_pathogen":"Alternaria solani","confidence":0.85}},{"type":"Feature","geometry":{"type":"Polygon","coordinates":[[[79.59,27.47],[79.61,27.47],[79.61,27.49],[79.59,27.49],[79.59,27.47]]]},"properties":{"cell_id":"FRK-R014-C010","band":"watch","risk":0.55,"physics_risk":0.55,"ml_delta":0.0,"dsv_today":1,"dsv_accum_7d":11,"criterion_met":true,"wet_hours":17,"min_temp_c":25.46,"mean_wet_temp_c":25.91,"firing_model":"potato_early_blight_tomcast","firing_pathogen":"Alternaria solani","confidence":0.85}},{"type":"Feature","geometry":{"type":"Polygon","coordinates":[[[79.61,27.47],[79.63,27.47],[79.63,27.49],[79.61,27.49],[79.61,27.47]]]},"properties":{"cell_id":"FRK-R014-C011","band":"watch","risk":0.55,"physics_risk":0.55,"ml_delta":0.0,"dsv_today":1,"dsv_accum_7d":11,"criterion_met":true,"wet_hours":17,"min_temp_c":25.46,"mean_wet_temp_c":25.91,"firing_model":"potato_early_blight_tomcast","firing_pathogen":"Alternaria solani","confidence":0.85}},{"type":"Feature","geometry":{"type":"Polygon","coordinates":[[[79.63,27.47],[79.65,27.47],[79.65,27.49],[79.63,27.49],[79.63,27.47]]]},"properties":{"cell_id":"FRK-R014-C012","band":"watch","risk":0.5,"physics_risk":0.5,"ml_delta":0.0,"dsv_today":1,"dsv_accum_7d":10,"criterion_met":true,"wet_hours":17,"min_temp_c":25.46,"mean_wet_temp_c":25.91,"firing_model":"potato_early_blight_tomcast","firing_pathogen":"Alternaria solani","confidence":0.85}},{"type":"Feature","geometry":{"type":"Polygon","coordinates":[[[79.65,27.47],[79.67,27.47],[79.67,27.49],[79.65,27.49],[79.65,27.47]]]},"properties":{"cell_id":"FRK-R014-C013","band":"watch","risk":0.5,"physics_risk":0.5,"ml_delta":0.0,"dsv_today":1,"dsv_accum_7d":10,"criterion_met":true,"wet_hours":17,"min_temp_c":25.46,"mean_wet_temp_c":25.91,"firing_model":"potato_early_blight_tomcast","firing_pathogen":"Alternaria solani","confidence":0.85}},{"type":"Feature","geometry":{"type":"Polygon","coordinates":[[[79.67,27.47],[79.69,27.47],[79.69,27.49],[79.67,27.49],[79.67,27.47]]]},"properties":{"cell_id":"FRK-R014-C014","band":"watch","risk":0.5,"physics_risk":0.5,"ml_delta":0.0,"dsv_today":1,"dsv_accum_7d":10,"criterion_met":true,"wet_hours":17,"min_temp_c":25.46,"mean_wet_temp_c":25.91,"firing_model":"potato_early_blight_tomcast","firing_pathogen":"Alternaria solani","confidence":0.85}},{"type":"Feature","geometry":{"type":"Polygon","coordinates":[[[79.69,27.47],[79.71,27.47],[79.71,27.49],[79.69,27.49],[79.69,27.47]]]},"properties":{"cell_id":"FRK-R014-C015","band":"watch","risk":0.5,"physics_risk":0.5,"ml_delta":0.0,"dsv_today":1,"dsv_accum_7d":10,"criterion_met":true,"wet_hours":17,"min_temp_c":25.46,"mean_wet_temp_c":25.91,"firing_model":"potato_early_blight_tomcast","firing_pathogen":"Alternaria solani","confidence":0.85}},{"type":"Feature","geometry":{"type":"Polygon","coordinates":[[[79.71,27.47],[79.73,27.47],[79.73,27.49],[79.71,27.49],[79.71,27.47]]]},"properties":{"cell_id":"FRK-R014-C016","band":"watch","risk":0.5,"physics_risk":0.5,"ml_delta":0.0,"dsv_today":1,"dsv_accum_7d":10,"criterion_met":true,"wet_hours":17,"min_temp_c":25.46,"mean_wet_temp_c":25.91,"firing_model":"potato_early_blight_tomcast","firing_pathogen":"Alternaria solani","confidence":0.85}},{"type":"Feature","geometry":{"type":"Polygon","coordinates":[[[79.73,27.47],[79.75,27.47],[79.75,27.49],[79.73,27.49],[79.73,27.47]]]},"properties":{"cell_id":"FRK-R014-C017","band":"watch","risk":0.5,"physics_risk":0.5,"ml_delta":0.0,"dsv_today":1,"dsv_accum_7d":10,"criterion_met":true,"wet_hours":17,"min_temp_c":25.46,"mean_wet_temp_c":25.91,"firing_model":"potato_early_blight_tomcast","firing_pathogen":"Alternaria solani","confidence":0.85}},{"type":"Feature","geometry":{"type":"Polygon","coordinates":[[[79.75,27.47],[79.77,27.47],[79.77,27.49],[79.75,27.49],[79.75,27.47]]]},"properties":{"cell_id":"FRK-R014-C018","band":"watch","risk":0.5,"physics_risk":0.5,"ml_delta":0.0,"dsv_today":1,"dsv_accum_7d":10,"criterion_met":true,"wet_hours":17,"min_temp_c":25.46,"mean_wet_temp_c":25.91,"firing_model":"potato_early_blight_tomcast","firing_pathogen":"Alternaria solani","confidence":0.85}},{"type":"Feature","geometry":{"type":"Polygon","coordinates":[[[79.77,27.47],[79.79,27.47],[79.79,27.49],[79.77,27.49],[79.77,27.47]]]},"properties":{"cell_id":"FRK-R014-C019","band":"watch","risk":0.5,"physics_risk":0.5,"ml_delta":0.0,"dsv_today":1,"dsv_accum_7d":10,"criterion_met":true,"wet_hours":17,"min_temp_c":25.46,"mean_wet_temp_c":25.91,"firing_model":"potato_early_blight_tomcast","firing_pathogen":"Alternaria solani","confidence":0.85}},{"type":"Feature","geometry":{"type":"Polygon","coordinates":[[[79.79,27.47],[79.81,27.47],[79.81,27.49],[79.79,27.49],[79.79,27.47]]]},"properties":{"cell_id":"FRK-R014-C020","band":"watch","risk":0.5,"physics_risk":0.5,"ml_delta":0.0,"dsv_today":1,"dsv_accum_7d":10,"criterion_met":true,"wet_hours":17,"min_temp_c":25.46,"mean_wet_temp_c":25.91,"firing_model":"potato_early_blight_tomcast","firing_pathogen":"Alternaria solani","confidence":0.85}},{"type":"Feature","geometry":{"type":"Polygon","coordinates":[[[79.39,27.49],[79.41,27.49],[79.41,27.51],[79.39,27.51],[79.39,27.49]]]},"properties":{"cell_id":"FRK-R015-C000","band":"watch","risk":0.35,"physics_risk":0.35,"ml_delta":0.0,"dsv_today":1,"dsv_accum_7d":7,"criterion_met":true,"wet_hours":17,"min_temp_c":25.3,"mean_wet_temp_c":25.82,"firing_model":"potato_early_blight_tomcast","firing_pathogen":"Alternaria solani","confidence":0.85}},{"type":"Feature","geometry":{"type":"Polygon","coordinates":[[[79.41,27.49],[79.43,27.49],[79.43,27.51],[79.41,27.51],[79.41,27.49]]]},"properties":{"cell_id":"FRK-R015-C001","band":"watch","risk":0.35,"physics_risk":0.35,"ml_delta":0.0,"dsv_today":1,"dsv_accum_7d":7,"criterion_met":true,"wet_hours":17,"min_temp_c":25.34,"mean_wet_temp_c":25.84,"firing_model":"potato_early_blight_tomcast","firing_pathogen":"Alternaria solani","confidence":0.85}},{"type":"Feature","geometry":{"type":"Polygon","coordinates":[[[79.43,27.49],[79.45,27.49],[79.45,27.51],[79.43,27.51],[79.43,27.49]]]},"properties":{"cell_id":"FRK-R015-C002","band":"watch","risk":0.35,"physics_risk":0.35,"ml_delta":0.0,"dsv_today":1,"dsv_accum_7d":7,"criterion_met":true,"wet_hours":17,"min_temp_c":25.38,"mean_wet_temp_c":25.85,"firing_model":"potato_early_blight_tomcast","firing_pathogen":"Alternaria solani","confidence":0.85}},{"type":"Feature","geometry":{"type":"Polygon","coordinates":[[[79.45,27.49],[79.47,27.49],[79.47,27.51],[79.45,27.51],[79.45,27.49]]]},"properties":{"cell_id":"FRK-R015-C003","band":"watch","risk":0.35,"physics_risk":0.35,"ml_delta":0.0,"dsv_today":1,"dsv_accum_7d":7,"criterion_met":true,"wet_hours":17,"min_temp_c":25.4,"mean_wet_temp_c":25.87,"firing_model":"potato_early_blight_tomcast","firing_pathogen":"Alternaria solani","confidence":0.85}},{"type":"Feature","geometry":{"type":"Polygon","coordinates":[[[79.47,27.49],[79.49,27.49],[79.49,27.51],[79.47,27.51],[79.47,27.49]]]},"properties":{"cell_id":"FRK-R015-C004","band":"watch","risk":0.4,"physics_risk":0.4,"ml_delta":0.0,"dsv_today":1,"dsv_accum_7d":8,"criterion_met":true,"wet_hours":17,"min_temp_c":25.4,"mean_wet_temp_c":25.88,"firing_model":"potato_early_blight_tomcast","firing_pathogen":"Alternaria solani","confidence":0.85}},{"type":"Feature","geometry":{"type":"Polygon","coordinates":[[[79.49,27.49],[79.51,27.49],[79.51,27.51],[79.49,27.51],[79.49,27.49]]]},"properties":{"cell_id":"FRK-R015-C005","band":"watch","risk":0.4,"physics_risk":0.4,"ml_delta":0.0,"dsv_today":1,"dsv_accum_7d":8,"criterion_met":true,"wet_hours":17,"min_temp_c":25.4,"mean_wet_temp_c":25.9,"firing_model":"potato_early_blight_tomcast","firing_pathogen":"Alternaria solani","confidence":0.85}},{"type":"Feature","geometry":{"type":"Polygon","coordinates":[[[79.51,27.49],[79.53,27.49],[79.53,27.51],[79.51,27.51],[79.51,27.49]]]},"properties":{"cell_id":"FRK-R015-C006","band":"watch","risk":0.45,"physics_risk":0.45,"ml_delta":0.0,"dsv_today":1,"dsv_accum_7d":9,"criterion_met":true,"wet_hours":17,"min_temp_c":25.42,"mean_wet_temp_c":25.9,"firing_model":"potato_early_blight_tomcast","firing_pathogen":"Alternaria solani","confidence":0.85}},{"type":"Feature","geometry":{"type":"Polygon","coordinates":[[[79.53,27.49],[79.55,27.49],[79.55,27.51],[79.53,27.51],[79.53,27.49]]]},"properties":{"cell_id":"FRK-R015-C007","band":"watch","risk":0.5,"physics_risk":0.5,"ml_delta":0.0,"dsv_today":1,"dsv_accum_7d":10,"criterion_met":true,"wet_hours":17,"min_temp_c":25.44,"mean_wet_temp_c":25.91,"firing_model":"potato_early_blight_tomcast","firing_pathogen":"Alternaria solani","confidence":0.85}},{"type":"Feature","geometry":{"type":"Polygon","coordinates":[[[79.55,27.49],[79.57,27.49],[79.57,27.51],[79.55,27.51],[79.55,27.49]]]},"properties":{"cell_id":"FRK-R015-C008","band":"watch","risk":0.5,"physics_risk":0.5,"ml_delta":0.0,"dsv_today":1,"dsv_accum_7d":10,"criterion_met":true,"wet_hours":17,"min_temp_c":25.46,"mean_wet_temp_c":25.91,"firing_model":"potato_early_blight_tomcast","firing_pathogen":"Alternaria solani","confidence":0.85}},{"type":"Feature","geometry":{"type":"Polygon","coordinates":[[[79.57,27.49],[79.59,27.49],[79.59,27.51],[79.57,27.51],[79.57,27.49]]]},"properties":{"cell_id":"FRK-R015-C009","band":"watch","risk":0.5,"physics_risk":0.5,"ml_delta":0.0,"dsv_today":1,"dsv_accum_7d":10,"criterion_met":true,"wet_hours":17,"min_temp_c":25.48,"mean_wet_temp_c":25.92,"firing_model":"potato_early_blight_tomcast","firing_pathogen":"Alternaria solani","confidence":0.85}},{"type":"Feature","geometry":{"type":"Polygon","coordinates":[[[79.59,27.49],[79.61,27.49],[79.61,27.51],[79.59,27.51],[79.59,27.49]]]},"properties":{"cell_id":"FRK-R015-C010","band":"watch","risk":0.5,"physics_risk":0.5,"ml_delta":0.0,"dsv_today":1,"dsv_accum_7d":10,"criterion_met":true,"wet_hours":17,"min_temp_c":25.5,"mean_wet_temp_c":25.92,"firing_model":"potato_early_blight_tomcast","firing_pathogen":"Alternaria solani","confidence":0.85}},{"type":"Feature","geometry":{"type":"Polygon","coordinates":[[[79.61,27.49],[79.63,27.49],[79.63,27.51],[79.61,27.51],[79.61,27.49]]]},"properties":{"cell_id":"FRK-R015-C011","band":"watch","risk":0.5,"physics_risk":0.5,"ml_delta":0.0,"dsv_today":1,"dsv_accum_7d":10,"criterion_met":true,"wet_hours":17,"min_temp_c":25.5,"mean_wet_temp_c":25.92,"firing_model":"potato_early_blight_tomcast","firing_pathogen":"Alternaria solani","confidence":0.85}},{"type":"Feature","geometry":{"type":"Polygon","coordinates":[[[79.63,27.49],[79.65,27.49],[79.65,27.51],[79.63,27.51],[79.63,27.49]]]},"properties":{"cell_id":"FRK-R015-C012","band":"watch","risk":0.5,"physics_risk":0.5,"ml_delta":0.0,"dsv_today":1,"dsv_accum_7d":10,"criterion_met":true,"wet_hours":17,"min_temp_c":25.5,"mean_wet_temp_c":25.92,"firing_model":"potato_early_blight_tomcast","firing_pathogen":"Alternaria solani","confidence":0.85}},{"type":"Feature","geometry":{"type":"Polygon","coordinates":[[[79.65,27.49],[79.67,27.49],[79.67,27.51],[79.65,27.51],[79.65,27.49]]]},"properties":{"cell_id":"FRK-R015-C013","band":"watch","risk":0.55,"physics_risk":0.55,"ml_delta":0.0,"dsv_today":1,"dsv_accum_7d":11,"criterion_met":true,"wet_hours":17,"min_temp_c":25.5,"mean_wet_temp_c":25.92,"firing_model":"potato_early_blight_tomcast","firing_pathogen":"Alternaria solani","confidence":0.85}},{"type":"Feature","geometry":{"type":"Polygon","coordinates":[[[79.67,27.49],[79.69,27.49],[79.69,27.51],[79.67,27.51],[79.67,27.49]]]},"properties":{"cell_id":"FRK-R015-C014","band":"watch","risk":0.5,"physics_risk":0.5,"ml_delta":0.0,"dsv_today":1,"dsv_accum_7d":10,"criterion_met":true,"wet_hours":17,"min_temp_c":25.5,"mean_wet_temp_c":25.91,"firing_model":"potato_early_blight_tomcast","firing_pathogen":"Alternaria solani","confidence":0.85}},{"type":"Feature","geometry":{"type":"Polygon","coordinates":[[[79.69,27.49],[79.71,27.49],[79.71,27.51],[79.69,27.51],[79.69,27.49]]]},"properties":{"cell_id":"FRK-R015-C015","band":"watch","risk":0.5,"physics_risk":0.5,"ml_delta":0.0,"dsv_today":1,"dsv_accum_7d":10,"criterion_met":true,"wet_hours":17,"min_temp_c":25.5,"mean_wet_temp_c":25.91,"firing_model":"potato_early_blight_tomcast","firing_pathogen":"Alternaria solani","confidence":0.85}},{"type":"Feature","geometry":{"type":"Polygon","coordinates":[[[79.71,27.49],[79.73,27.49],[79.73,27.51],[79.71,27.51],[79.71,27.49]]]},"properties":{"cell_id":"FRK-R015-C016","band":"watch","risk":0.5,"physics_risk":0.5,"ml_delta":0.0,"dsv_today":1,"dsv_accum_7d":10,"criterion_met":true,"wet_hours":17,"min_temp_c":25.5,"mean_wet_temp_c":25.91,"firing_model":"potato_early_blight_tomcast","firing_pathogen":"Alternaria solani","confidence":0.85}},{"type":"Feature","geometry":{"type":"Polygon","coordinates":[[[79.73,27.49],[79.75,27.49],[79.75,27.51],[79.73,27.51],[79.73,27.49]]]},"properties":{"cell_id":"FRK-R015-C017","band":"watch","risk":0.5,"physics_risk":0.5,"ml_delta":0.0,"dsv_today":1,"dsv_accum_7d":10,"criterion_met":true,"wet_hours":17,"min_temp_c":25.5,"mean_wet_temp_c":25.92,"firing_model":"potato_early_blight_tomcast","firing_pathogen":"Alternaria solani","confidence":0.85}},{"type":"Feature","geometry":{"type":"Polygon","coordinates":[[[79.75,27.49],[79.77,27.49],[79.77,27.51],[79.75,27.51],[79.75,27.49]]]},"properties":{"cell_id":"FRK-R015-C018","band":"watch","risk":0.5,"physics_risk":0.5,"ml_delta":0.0,"dsv_today":1,"dsv_accum_7d":10,"criterion_met":true,"wet_hours":17,"min_temp_c":25.5,"mean_wet_temp_c":25.92,"firing_model":"potato_early_blight_tomcast","firing_pathogen":"Alternaria solani","confidence":0.85}},{"type":"Feature","geometry":{"type":"Polygon","coordinates":[[[79.77,27.49],[79.79,27.49],[79.79,27.51],[79.77,27.51],[79.77,27.49]]]},"properties":{"cell_id":"FRK-R015-C019","band":"watch","risk":0.5,"physics_risk":0.5,"ml_delta":0.0,"dsv_today":1,"dsv_accum_7d":10,"criterion_met":true,"wet_hours":17,"min_temp_c":25.5,"mean_wet_temp_c":25.92,"firing_model":"potato_early_blight_tomcast","firing_pathogen":"Alternaria solani","confidence":0.85}},{"type":"Feature","geometry":{"type":"Polygon","coordinates":[[[79.79,27.49],[79.81,27.49],[79.81,27.51],[79.79,27.51],[79.79,27.49]]]},"properties":{"cell_id":"FRK-R015-C020","band":"watch","risk":0.5,"physics_risk":0.5,"ml_delta":0.0,"dsv_today":1,"dsv_accum_7d":10,"criterion_met":true,"wet_hours":17,"min_temp_c":25.5,"mean_wet_temp_c":25.92,"firing_model":"potato_early_blight_tomcast","firing_pathogen":"Alternaria solani","confidence":0.85}},{"type":"Feature","geometry":{"type":"Polygon","coordinates":[[[79.39,27.51],[79.41,27.51],[79.41,27.53],[79.39,27.53],[79.39,27.51]]]},"properties":{"cell_id":"FRK-R016-C000","band":"watch","risk":0.35,"physics_risk":0.35,"ml_delta":0.0,"dsv_today":1,"dsv_accum_7d":7,"criterion_met":true,"wet_hours":17,"min_temp_c":25.34,"mean_wet_temp_c":25.82,"firing_model":"potato_early_blight_tomcast","firing_pathogen":"Alternaria solani","confidence":0.85}},{"type":"Feature","geometry":{"type":"Polygon","coordinates":[[[79.41,27.51],[79.43,27.51],[79.43,27.53],[79.41,27.53],[79.41,27.51]]]},"properties":{"cell_id":"FRK-R016-C001","band":"watch","risk":0.35,"physics_risk":0.35,"ml_delta":0.0,"dsv_today":1,"dsv_accum_7d":7,"criterion_met":true,"wet_hours":17,"min_temp_c":25.38,"mean_wet_temp_c":25.83,"firing_model":"potato_early_blight_tomcast","firing_pathogen":"Alternaria solani","confidence":0.85}},{"type":"Feature","geometry":{"type":"Polygon","coordinates":[[[79.43,27.51],[79.45,27.51],[79.45,27.53],[79.43,27.53],[79.43,27.51]]]},"properties":{"cell_id":"FRK-R016-C002","band":"watch","risk":0.35,"physics_risk":0.35,"ml_delta":0.0,"dsv_today":1,"dsv_accum_7d":7,"criterion_met":true,"wet_hours":17,"min_temp_c":25.4,"mean_wet_temp_c":25.84,"firing_model":"potato_early_blight_tomcast","firing_pathogen":"Alternaria solani","confidence":0.85}},{"type":"Feature","geometry":{"type":"Polygon","coordinates":[[[79.45,27.51],[79.47,27.51],[79.47,27.53],[79.45,27.53],[79.45,27.51]]]},"properties":{"cell_id":"FRK-R016-C003","band":"watch","risk":0.35,"physics_risk":0.35,"ml_delta":0.0,"dsv_today":1,"dsv_accum_7d":7,"criterion_met":true,"wet_hours":17,"min_temp_c":25.4,"mean_wet_temp_c":25.85,"firing_model":"potato_early_blight_tomcast","firing_pathogen":"Alternaria solani","confidence":0.85}},{"type":"Feature","geometry":{"type":"Polygon","coordinates":[[[79.47,27.51],[79.49,27.51],[79.49,27.53],[79.47,27.53],[79.47,27.51]]]},"properties":{"cell_id":"FRK-R016-C004","band":"watch","risk":0.4,"physics_risk":0.4,"ml_delta":0.0,"dsv_today":1,"dsv_accum_7d":8,"criterion_met":true,"wet_hours":17,"min_temp_c":25.4,"mean_wet_temp_c":25.87,"firing_model":"potato_early_blight_tomcast","firing_pathogen":"Alternaria solani","confidence":0.85}},{"type":"Feature","geometry":{"type":"Polygon","coordinates":[[[79.49,27.51],[79.51,27.51],[79.51,27.53],[79.49,27.53],[79.49,27.51]]]},"properties":{"cell_id":"FRK-R016-C005","band":"watch","risk":0.4,"physics_risk":0.4,"ml_delta":0.0,"dsv_today":1,"dsv_accum_7d":8,"criterion_met":true,"wet_hours":17,"min_temp_c":25.4,"mean_wet_temp_c":25.88,"firing_model":"potato_early_blight_tomcast","firing_pathogen":"Alternaria solani","confidence":0.85}},{"type":"Feature","geometry":{"type":"Polygon","coordinates":[[[79.51,27.51],[79.53,27.51],[79.53,27.53],[79.51,27.53],[79.51,27.51]]]},"properties":{"cell_id":"FRK-R016-C006","band":"watch","risk":0.45,"physics_risk":0.45,"ml_delta":0.0,"dsv_today":1,"dsv_accum_7d":9,"criterion_met":true,"wet_hours":17,"min_temp_c":25.42,"mean_wet_temp_c":25.88,"firing_model":"potato_early_blight_tomcast","firing_pathogen":"Alternaria solani","confidence":0.85}},{"type":"Feature","geometry":{"type":"Polygon","coordinates":[[[79.53,27.51],[79.55,27.51],[79.55,27.53],[79.53,27.53],[79.53,27.51]]]},"properties":{"cell_id":"FRK-R016-C007","band":"watch","risk":0.5,"physics_risk":0.5,"ml_delta":0.0,"dsv_today":1,"dsv_accum_7d":10,"criterion_met":true,"wet_hours":17,"min_temp_c":25.43,"mean_wet_temp_c":25.89,"firing_model":"potato_early_blight_tomcast","firing_pathogen":"Alternaria solani","confidence":0.85}},{"type":"Feature","geometry":{"type":"Polygon","coordinates":[[[79.55,27.51],[79.57,27.51],[79.57,27.53],[79.55,27.53],[79.55,27.51]]]},"properties":{"cell_id":"FRK-R016-C008","band":"watch","risk":0.5,"physics_risk":0.5,"ml_delta":0.0,"dsv_today":1,"dsv_accum_7d":10,"criterion_met":true,"wet_hours":17,"min_temp_c":25.45,"mean_wet_temp_c":25.89,"firing_model":"potato_early_blight_tomcast","firing_pathogen":"Alternaria solani","confidence":0.85}},{"type":"Feature","geometry":{"type":"Polygon","coordinates":[[[79.57,27.51],[79.59,27.51],[79.59,27.53],[79.57,27.53],[79.57,27.51]]]},"properties":{"cell_id":"FRK-R016-C009","band":"watch","risk":0.5,"physics_risk":0.5,"ml_delta":0.0,"dsv_today":1,"dsv_accum_7d":10,"criterion_met":true,"wet_hours":17,"min_temp_c":25.46,"mean_wet_temp_c":25.89,"firing_model":"potato_early_blight_tomcast","firing_pathogen":"Alternaria solani","confidence":0.85}},{"type":"Feature","geometry":{"type":"Polygon","coordinates":[[[79.59,27.51],[79.61,27.51],[79.61,27.53],[79.59,27.53],[79.59,27.51]]]},"properties":{"cell_id":"FRK-R016-C010","band":"watch","risk":0.5,"physics_risk":0.5,"ml_delta":0.0,"dsv_today":1,"dsv_accum_7d":10,"criterion_met":true,"wet_hours":17,"min_temp_c":25.48,"mean_wet_temp_c":25.9,"firing_model":"potato_early_blight_tomcast","firing_pathogen":"Alternaria solani","confidence":0.85}},{"type":"Feature","geometry":{"type":"Polygon","coordinates":[[[79.61,27.51],[79.63,27.51],[79.63,27.53],[79.61,27.53],[79.61,27.51]]]},"properties":{"cell_id":"FRK-R016-C011","band":"watch","risk":0.5,"physics_risk":0.5,"ml_delta":0.0,"dsv_today":1,"dsv_accum_7d":10,"criterion_met":true,"wet_hours":17,"min_temp_c":25.48,"mean_wet_temp_c":25.89,"firing_model":"potato_early_blight_tomcast","firing_pathogen":"Alternaria solani","confidence":0.85}},{"type":"Feature","geometry":{"type":"Polygon","coordinates":[[[79.63,27.51],[79.65,27.51],[79.65,27.53],[79.63,27.53],[79.63,27.51]]]},"properties":{"cell_id":"FRK-R016-C012","band":"watch","risk":0.5,"physics_risk":0.5,"ml_delta":0.0,"dsv_today":1,"dsv_accum_7d":10,"criterion_met":true,"wet_hours":17,"min_temp_c":25.48,"mean_wet_temp_c":25.89,"firing_model":"potato_early_blight_tomcast","firing_pathogen":"Alternaria solani","confidence":0.85}},{"type":"Feature","geometry":{"type":"Polygon","coordinates":[[[79.65,27.51],[79.67,27.51],[79.67,27.53],[79.65,27.53],[79.65,27.51]]]},"properties":{"cell_id":"FRK-R016-C013","band":"watch","risk":0.55,"physics_risk":0.55,"ml_delta":0.0,"dsv_today":1,"dsv_accum_7d":11,"criterion_met":true,"wet_hours":17,"min_temp_c":25.48,"mean_wet_temp_c":25.89,"firing_model":"potato_early_blight_tomcast","firing_pathogen":"Alternaria solani","confidence":0.85}},{"type":"Feature","geometry":{"type":"Polygon","coordinates":[[[79.67,27.51],[79.69,27.51],[79.69,27.53],[79.67,27.53],[79.67,27.51]]]},"properties":{"cell_id":"FRK-R016-C014","band":"watch","risk":0.5,"physics_risk":0.5,"ml_delta":0.0,"dsv_today":1,"dsv_accum_7d":10,"criterion_met":true,"wet_hours":17,"min_temp_c":25.48,"mean_wet_temp_c":25.89,"firing_model":"potato_early_blight_tomcast","firing_pathogen":"Alternaria solani","confidence":0.85}},{"type":"Feature","geometry":{"type":"Polygon","coordinates":[[[79.69,27.51],[79.71,27.51],[79.71,27.53],[79.69,27.53],[79.69,27.51]]]},"properties":{"cell_id":"FRK-R016-C015","band":"watch","risk":0.5,"physics_risk":0.5,"ml_delta":0.0,"dsv_today":1,"dsv_accum_7d":10,"criterion_met":true,"wet_hours":17,"min_temp_c":25.48,"mean_wet_temp_c":25.89,"firing_model":"potato_early_blight_tomcast","firing_pathogen":"Alternaria solani","confidence":0.85}},{"type":"Feature","geometry":{"type":"Polygon","coordinates":[[[79.71,27.51],[79.73,27.51],[79.73,27.53],[79.71,27.53],[79.71,27.51]]]},"properties":{"cell_id":"FRK-R016-C016","band":"watch","risk":0.5,"physics_risk":0.5,"ml_delta":0.0,"dsv_today":1,"dsv_accum_7d":10,"criterion_met":true,"wet_hours":17,"min_temp_c":25.48,"mean_wet_temp_c":25.89,"firing_model":"potato_early_blight_tomcast","firing_pathogen":"Alternaria solani","confidence":0.85}},{"type":"Feature","geometry":{"type":"Polygon","coordinates":[[[79.73,27.51],[79.75,27.51],[79.75,27.53],[79.73,27.53],[79.73,27.51]]]},"properties":{"cell_id":"FRK-R016-C017","band":"watch","risk":0.5,"physics_risk":0.5,"ml_delta":0.0,"dsv_today":1,"dsv_accum_7d":10,"criterion_met":true,"wet_hours":17,"min_temp_c":25.49,"mean_wet_temp_c":25.9,"firing_model":"potato_early_blight_tomcast","firing_pathogen":"Alternaria solani","confidence":0.85}},{"type":"Feature","geometry":{"type":"Polygon","coordinates":[[[79.75,27.51],[79.77,27.51],[79.77,27.53],[79.75,27.53],[79.75,27.51]]]},"properties":{"cell_id":"FRK-R016-C018","band":"watch","risk":0.5,"physics_risk":0.5,"ml_delta":0.0,"dsv_today":1,"dsv_accum_7d":10,"criterion_met":true,"wet_hours":17,"min_temp_c":25.49,"mean_wet_temp_c":25.9,"firing_model":"potato_early_blight_tomcast","firing_pathogen":"Alternaria solani","confidence":0.85}},{"type":"Feature","geometry":{"type":"Polygon","coordinates":[[[79.77,27.51],[79.79,27.51],[79.79,27.53],[79.77,27.53],[79.77,27.51]]]},"properties":{"cell_id":"FRK-R016-C019","band":"watch","risk":0.5,"physics_risk":0.5,"ml_delta":0.0,"dsv_today":1,"dsv_accum_7d":10,"criterion_met":true,"wet_hours":17,"min_temp_c":25.5,"mean_wet_temp_c":25.91,"firing_model":"potato_early_blight_tomcast","firing_pathogen":"Alternaria solani","confidence":0.85}},{"type":"Feature","geometry":{"type":"Polygon","coordinates":[[[79.79,27.51],[79.81,27.51],[79.81,27.53],[79.79,27.53],[79.79,27.51]]]},"properties":{"cell_id":"FRK-R016-C020","band":"watch","risk":0.5,"physics_risk":0.5,"ml_delta":0.0,"dsv_today":1,"dsv_accum_7d":10,"criterion_met":true,"wet_hours":17,"min_temp_c":25.5,"mean_wet_temp_c":25.91,"firing_model":"potato_early_blight_tomcast","firing_pathogen":"Alternaria solani","confidence":0.85}},{"type":"Feature","geometry":{"type":"Polygon","coordinates":[[[79.39,27.53],[79.41,27.53],[79.41,27.55],[79.39,27.55],[79.39,27.53]]]},"properties":{"cell_id":"FRK-R017-C000","band":"watch","risk":0.35,"physics_risk":0.35,"ml_delta":0.0,"dsv_today":1,"dsv_accum_7d":7,"criterion_met":true,"wet_hours":17,"min_temp_c":25.38,"mean_wet_temp_c":25.81,"firing_model":"potato_early_blight_tomcast","firing_pathogen":"Alternaria solani","confidence":0.85}},{"type":"Feature","geometry":{"type":"Polygon","coordinates":[[[79.41,27.53],[79.43,27.53],[79.43,27.55],[79.41,27.55],[79.41,27.53]]]},"properties":{"cell_id":"FRK-R017-C001","band":"watch","risk":0.35,"physics_risk":0.35,"ml_delta":0.0,"dsv_today":1,"dsv_accum_7d":7,"criterion_met":true,"wet_hours":17,"min_temp_c":25.4,"mean_wet_temp_c":25.82,"firing_model":"potato_early_blight_tomcast","firing_pathogen":"Alternaria solani","confidence":0.85}},{"type":"Feature","geometry":{"type":"Polygon","coordinates":[[[79.43,27.53],[79.45,27.53],[79.45,27.55],[79.43,27.55],[79.43,27.53]]]},"properties":{"cell_id":"FRK-R017-C002","band":"watch","risk":0.35,"physics_risk":0.35,"ml_delta":0.0,"dsv_today":1,"dsv_accum_7d":7,"criterion_met":true,"wet_hours":17,"min_temp_c":25.4,"mean_wet_temp_c":25.83,"firing_model":"potato_early_blight_tomcast","firing_pathogen":"Alternaria solani","confidence":0.85}},{"type":"Feature","geometry":{"type":"Polygon","coordinates":[[[79.45,27.53],[79.47,27.53],[79.47,27.55],[79.45,27.55],[79.45,27.53]]]},"properties":{"cell_id":"FRK-R017-C003","band":"watch","risk":0.35,"physics_risk":0.35,"ml_delta":0.0,"dsv_today":1,"dsv_accum_7d":7,"criterion_met":true,"wet_hours":17,"min_temp_c":25.4,"mean_wet_temp_c":25.84,"firing_model":"potato_early_blight_tomcast","firing_pathogen":"Alternaria solani","confidence":0.85}},{"type":"Feature","geometry":{"type":"Polygon","coordinates":[[[79.47,27.53],[79.49,27.53],[79.49,27.55],[79.47,27.55],[79.47,27.53]]]},"properties":{"cell_id":"FRK-R017-C004","band":"watch","risk":0.35,"physics_risk":0.35,"ml_delta":0.0,"dsv_today":1,"dsv_accum_7d":7,"criterion_met":true,"wet_hours":17,"min_temp_c":25.4,"mean_wet_temp_c":25.85,"firing_model":"potato_early_blight_tomcast","firing_pathogen":"Alternaria solani","confidence":0.85}},{"type":"Feature","geometry":{"type":"Polygon","coordinates":[[[79.49,27.53],[79.51,27.53],[79.51,27.55],[79.49,27.55],[79.49,27.53]]]},"properties":{"cell_id":"FRK-R017-C005","band":"watch","risk":0.4,"physics_risk":0.4,"ml_delta":0.0,"dsv_today":1,"dsv_accum_7d":8,"criterion_met":true,"wet_hours":17,"min_temp_c":25.4,"mean_wet_temp_c":25.86,"firing_model":"potato_early_blight_tomcast","firing_pathogen":"Alternaria solani","confidence":0.85}},{"type":"Feature","geometry":{"type":"Polygon","coordinates":[[[79.51,27.53],[79.53,27.53],[79.53,27.55],[79.51,27.55],[79.51,27.53]]]},"properties":{"cell_id":"FRK-R017-C006","band":"watch","risk":0.45,"physics_risk":0.45,"ml_delta":0.0,"dsv_today":1,"dsv_accum_7d":9,"criterion_met":true,"wet_hours":17,"min_temp_c":25.41,"mean_wet_temp_c":25.86,"firing_model":"potato_early_blight_tomcast","firing_pathogen":"Alternaria solani","confidence":0.85}},{"type":"Feature","geometry":{"type":"Polygon","coordinates":[[[79.53,27.53],[79.55,27.53],[79.55,27.55],[79.53,27.55],[79.53,27.53]]]},"properties":{"cell_id":"FRK-R017-C007","band":"watch","risk":0.5,"physics_risk":0.5,"ml_delta":0.0,"dsv_today":1,"dsv_accum_7d":10,"criterion_met":true,"wet_hours":17,"min_temp_c":25.42,"mean_wet_temp_c":25.86,"firing_model":"potato_early_blight_tomcast","firing_pathogen":"Alternaria solani","confidence":0.85}},{"type":"Feature","geometry":{"type":"Polygon","coordinates":[[[79.55,27.53],[79.57,27.53],[79.57,27.55],[79.55,27.55],[79.55,27.53]]]},"properties":{"cell_id":"FRK-R017-C008","band":"watch","risk":0.5,"physics_risk":0.5,"ml_delta":0.0,"dsv_today":1,"dsv_accum_7d":10,"criterion_met":true,"wet_hours":17,"min_temp_c":25.44,"mean_wet_temp_c":25.87,"firing_model":"potato_early_blight_tomcast","firing_pathogen":"Alternaria solani","confidence":0.85}},{"type":"Feature","geometry":{"type":"Polygon","coordinates":[[[79.57,27.53],[79.59,27.53],[79.59,27.55],[79.57,27.55],[79.57,27.53]]]},"properties":{"cell_id":"FRK-R017-C009","band":"watch","risk":0.5,"physics_risk":0.5,"ml_delta":0.0,"dsv_today":1,"dsv_accum_7d":10,"criterion_met":true,"wet_hours":17,"min_temp_c":25.45,"mean_wet_temp_c":25.87,"firing_model":"potato_early_blight_tomcast","firing_pathogen":"Alternaria solani","confidence":0.85}},{"type":"Feature","geometry":{"type":"Polygon","coordinates":[[[79.59,27.53],[79.61,27.53],[79.61,27.55],[79.59,27.55],[79.59,27.53]]]},"properties":{"cell_id":"FRK-R017-C010","band":"watch","risk":0.5,"physics_risk":0.5,"ml_delta":0.0,"dsv_today":1,"dsv_accum_7d":10,"criterion_met":true,"wet_hours":17,"min_temp_c":25.46,"mean_wet_temp_c":25.87,"firing_model":"potato_early_blight_tomcast","firing_pathogen":"Alternaria solani","confidence":0.85}},{"type":"Feature","geometry":{"type":"Polygon","coordinates":[[[79.61,27.53],[79.63,27.53],[79.63,27.55],[79.61,27.55],[79.61,27.53]]]},"properties":{"cell_id":"FRK-R017-C011","band":"watch","risk":0.5,"physics_risk":0.5,"ml_delta":0.0,"dsv_today":1,"dsv_accum_7d":10,"criterion_met":true,"wet_hours":17,"min_temp_c":25.46,"mean_wet_temp_c":25.87,"firing_model":"potato_early_blight_tomcast","firing_pathogen":"Alternaria solani","confidence":0.85}},{"type":"Feature","geometry":{"type":"Polygon","coordinates":[[[79.63,27.53],[79.65,27.53],[79.65,27.55],[79.63,27.55],[79.63,27.53]]]},"properties":{"cell_id":"FRK-R017-C012","band":"watch","risk":0.5,"physics_risk":0.5,"ml_delta":0.0,"dsv_today":1,"dsv_accum_7d":10,"criterion_met":true,"wet_hours":17,"min_temp_c":25.46,"mean_wet_temp_c":25.87,"firing_model":"potato_early_blight_tomcast","firing_pathogen":"Alternaria solani","confidence":0.85}},{"type":"Feature","geometry":{"type":"Polygon","coordinates":[[[79.65,27.53],[79.67,27.53],[79.67,27.55],[79.65,27.55],[79.65,27.53]]]},"properties":{"cell_id":"FRK-R017-C013","band":"watch","risk":0.55,"physics_risk":0.55,"ml_delta":0.0,"dsv_today":1,"dsv_accum_7d":11,"criterion_met":true,"wet_hours":17,"min_temp_c":25.46,"mean_wet_temp_c":25.87,"firing_model":"potato_early_blight_tomcast","firing_pathogen":"Alternaria solani","confidence":0.85}},{"type":"Feature","geometry":{"type":"Polygon","coordinates":[[[79.67,27.53],[79.69,27.53],[79.69,27.55],[79.67,27.55],[79.67,27.53]]]},"properties":{"cell_id":"FRK-R017-C014","band":"watch","risk":0.55,"physics_risk":0.55,"ml_delta":0.0,"dsv_today":1,"dsv_accum_7d":11,"criterion_met":true,"wet_hours":17,"min_temp_c":25.46,"mean_wet_temp_c":25.87,"firing_model":"potato_early_blight_tomcast","firing_pathogen":"Alternaria solani","confidence":0.85}},{"type":"Feature","geometry":{"type":"Polygon","coordinates":[[[79.69,27.53],[79.71,27.53],[79.71,27.55],[79.69,27.55],[79.69,27.53]]]},"properties":{"cell_id":"FRK-R017-C015","band":"watch","risk":0.55,"physics_risk":0.55,"ml_delta":0.0,"dsv_today":1,"dsv_accum_7d":11,"criterion_met":true,"wet_hours":17,"min_temp_c":25.46,"mean_wet_temp_c":25.87,"firing_model":"potato_early_blight_tomcast","firing_pathogen":"Alternaria solani","confidence":0.85}},{"type":"Feature","geometry":{"type":"Polygon","coordinates":[[[79.71,27.53],[79.73,27.53],[79.73,27.55],[79.71,27.55],[79.71,27.53]]]},"properties":{"cell_id":"FRK-R017-C016","band":"watch","risk":0.5,"physics_risk":0.5,"ml_delta":0.0,"dsv_today":1,"dsv_accum_7d":10,"criterion_met":true,"wet_hours":17,"min_temp_c":25.47,"mean_wet_temp_c":25.87,"firing_model":"potato_early_blight_tomcast","firing_pathogen":"Alternaria solani","confidence":0.85}},{"type":"Feature","geometry":{"type":"Polygon","coordinates":[[[79.73,27.53],[79.75,27.53],[79.75,27.55],[79.73,27.55],[79.73,27.53]]]},"properties":{"cell_id":"FRK-R017-C017","band":"watch","risk":0.5,"physics_risk":0.5,"ml_delta":0.0,"dsv_today":1,"dsv_accum_7d":10,"criterion_met":true,"wet_hours":17,"min_temp_c":25.48,"mean_wet_temp_c":25.88,"firing_model":"potato_early_blight_tomcast","firing_pathogen":"Alternaria solani","confidence":0.85}},{"type":"Feature","geometry":{"type":"Polygon","coordinates":[[[79.75,27.53],[79.77,27.53],[79.77,27.55],[79.75,27.55],[79.75,27.53]]]},"properties":{"cell_id":"FRK-R017-C018","band":"watch","risk":0.5,"physics_risk":0.5,"ml_delta":0.0,"dsv_today":1,"dsv_accum_7d":10,"criterion_met":true,"wet_hours":17,"min_temp_c":25.48,"mean_wet_temp_c":25.89,"firing_model":"potato_early_blight_tomcast","firing_pathogen":"Alternaria solani","confidence":0.85}},{"type":"Feature","geometry":{"type":"Polygon","coordinates":[[[79.77,27.53],[79.79,27.53],[79.79,27.55],[79.77,27.55],[79.77,27.53]]]},"properties":{"cell_id":"FRK-R017-C019","band":"watch","risk":0.5,"physics_risk":0.5,"ml_delta":0.0,"dsv_today":1,"dsv_accum_7d":10,"criterion_met":true,"wet_hours":17,"min_temp_c":25.49,"mean_wet_temp_c":25.89,"firing_model":"potato_early_blight_tomcast","firing_pathogen":"Alternaria solani","confidence":0.85}},{"type":"Feature","geometry":{"type":"Polygon","coordinates":[[[79.79,27.53],[79.81,27.53],[79.81,27.55],[79.79,27.55],[79.79,27.53]]]},"properties":{"cell_id":"FRK-R017-C020","band":"watch","risk":0.5,"physics_risk":0.5,"ml_delta":0.0,"dsv_today":1,"dsv_accum_7d":10,"criterion_met":true,"wet_hours":17,"min_temp_c":25.5,"mean_wet_temp_c":25.9,"firing_model":"potato_early_blight_tomcast","firing_pathogen":"Alternaria solani","confidence":0.85}},{"type":"Feature","geometry":{"type":"Polygon","coordinates":[[[79.39,27.55],[79.41,27.55],[79.41,27.57],[79.39,27.57],[79.39,27.55]]]},"properties":{"cell_id":"FRK-R018-C000","band":"watch","risk":0.35,"physics_risk":0.35,"ml_delta":0.0,"dsv_today":1,"dsv_accum_7d":7,"criterion_met":true,"wet_hours":17,"min_temp_c":25.4,"mean_wet_temp_c":25.8,"firing_model":"potato_early_blight_tomcast","firing_pathogen":"Alternaria solani","confidence":0.85}},{"type":"Feature","geometry":{"type":"Polygon","coordinates":[[[79.41,27.55],[79.43,27.55],[79.43,27.57],[79.41,27.57],[79.41,27.55]]]},"properties":{"cell_id":"FRK-R018-C001","band":"watch","risk":0.35,"physics_risk":0.35,"ml_delta":0.0,"dsv_today":1,"dsv_accum_7d":7,"criterion_met":true,"wet_hours":17,"min_temp_c":25.4,"mean_wet_temp_c":25.81,"firing_model":"potato_early_blight_tomcast","firing_pathogen":"Alternaria solani","confidence":0.85}},{"type":"Feature","geometry":{"type":"Polygon","coordinates":[[[79.43,27.55],[79.45,27.55],[79.45,27.57],[79.43,27.57],[79.43,27.55]]]},"properties":{"cell_id":"FRK-R018-C002","band":"watch","risk":0.35,"physics_risk":0.35,"ml_delta":0.0,"dsv_today":1,"dsv_accum_7d":7,"criterion_met":true,"wet_hours":17,"min_temp_c":25.4,"mean_wet_temp_c":25.82,"firing_model":"potato_early_blight_tomcast","firing_pathogen":"Alternaria solani","confidence":0.85}},{"type":"Feature","geometry":{"type":"Polygon","coordinates":[[[79.45,27.55],[79.47,27.55],[79.47,27.57],[79.45,27.57],[79.45,27.55]]]},"properties":{"cell_id":"FRK-R018-C003","band":"watch","risk":0.35,"physics_risk":0.35,"ml_delta":0.0,"dsv_today":1,"dsv_accum_7d":7,"criterion_met":true,"wet_hours":17,"min_temp_c":25.4,"mean_wet_temp_c":25.82,"firing_model":"potato_early_blight_tomcast","firing_pathogen":"Alternaria solani","confidence":0.85}},{"type":"Feature","geometry":{"type":"Polygon","coordinates":[[[79.47,27.55],[79.49,27.55],[79.49,27.57],[79.47,27.57],[79.47,27.55]]]},"properties":{"cell_id":"FRK-R018-C004","band":"watch","risk":0.35,"physics_risk":0.35,"ml_delta":0.0,"dsv_today":1,"dsv_accum_7d":7,"criterion_met":true,"wet_hours":17,"min_temp_c":25.4,"mean_wet_temp_c":25.83,"firing_model":"potato_early_blight_tomcast","firing_pathogen":"Alternaria solani","confidence":0.85}},{"type":"Feature","geometry":{"type":"Polygon","coordinates":[[[79.49,27.55],[79.51,27.55],[79.51,27.57],[79.49,27.57],[79.49,27.55]]]},"properties":{"cell_id":"FRK-R018-C005","band":"watch","risk":0.4,"physics_risk":0.4,"ml_delta":0.0,"dsv_today":1,"dsv_accum_7d":8,"criterion_met":true,"wet_hours":17,"min_temp_c":25.4,"mean_wet_temp_c":25.84,"firing_model":"potato_early_blight_tomcast","firing_pathogen":"Alternaria solani","confidence":0.85}},{"type":"Feature","geometry":{"type":"Polygon","coordinates":[[[79.51,27.55],[79.53,27.55],[79.53,27.57],[79.51,27.57],[79.51,27.55]]]},"properties":{"cell_id":"FRK-R018-C006","band":"watch","risk":0.45,"physics_risk":0.45,"ml_delta":0.0,"dsv_today":1,"dsv_accum_7d":9,"criterion_met":true,"wet_hours":17,"min_temp_c":25.41,"mean_wet_temp_c":25.84,"firing_model":"potato_early_blight_tomcast","firing_pathogen":"Alternaria solani","confidence":0.85}},{"type":"Feature","geometry":{"type":"Polygon","coordinates":[[[79.53,27.55],[79.55,27.55],[79.55,27.57],[79.53,27.57],[79.53,27.55]]]},"properties":{"cell_id":"FRK-R018-C007","band":"watch","risk":0.5,"physics_risk":0.5,"ml_delta":0.0,"dsv_today":1,"dsv_accum_7d":10,"criterion_met":true,"wet_hours":17,"min_temp_c":25.42,"mean_wet_temp_c":25.84,"firing_model":"potato_early_blight_tomcast","firing_pathogen":"Alternaria solani","confidence":0.85}},{"type":"Feature","geometry":{"type":"Polygon","coordinates":[[[79.55,27.55],[79.57,27.55],[79.57,27.57],[79.55,27.57],[79.55,27.55]]]},"properties":{"cell_id":"FRK-R018-C008","band":"watch","risk":0.55,"physics_risk":0.55,"ml_delta":0.0,"dsv_today":1,"dsv_accum_7d":11,"criterion_met":true,"wet_hours":17,"min_temp_c":25.42,"mean_wet_temp_c":25.84,"firing_model":"potato_early_blight_tomcast","firing_pathogen":"Alternaria solani","confidence":0.85}},{"type":"Feature","geometry":{"type":"Polygon","coordinates":[[[79.57,27.55],[79.59,27.55],[79.59,27.57],[79.57,27.57],[79.57,27.55]]]},"properties":{"cell_id":"FRK-R018-C009","band":"watch","risk":0.55,"physics_risk":0.55,"ml_delta":0.0,"dsv_today":1,"dsv_accum_7d":11,"criterion_met":true,"wet_hours":17,"min_temp_c":25.43,"mean_wet_temp_c":25.84,"firing_model":"potato_early_blight_tomcast","firing_pathogen":"Alternaria solani","confidence":0.85}},{"type":"Feature","geometry":{"type":"Polygon","coordinates":[[[79.59,27.55],[79.61,27.55],[79.61,27.57],[79.59,27.57],[79.59,27.55]]]},"properties":{"cell_id":"FRK-R018-C010","band":"watch","risk":0.55,"physics_risk":0.55,"ml_delta":0.0,"dsv_today":1,"dsv_accum_7d":11,"criterion_met":true,"wet_hours":17,"min_temp_c":25.44,"mean_wet_temp_c":25.84,"firing_model":"potato_early_blight_tomcast","firing_pathogen":"Alternaria solani","confidence":0.85}},{"type":"Feature","geometry":{"type":"Polygon","coordinates":[[[79.61,27.55],[79.63,27.55],[79.63,27.57],[79.61,27.57],[79.61,27.55]]]},"properties":{"cell_id":"FRK-R018-C011","band":"watch","risk":0.55,"physics_risk":0.55,"ml_delta":0.0,"dsv_today":1,"dsv_accum_7d":11,"criterion_met":true,"wet_hours":17,"min_temp_c":25.44,"mean_wet_temp_c":25.84,"firing_model":"potato_early_blight_tomcast","firing_pathogen":"Alternaria solani","confidence":0.85}},{"type":"Feature","geometry":{"type":"Polygon","coordinates":[[[79.63,27.55],[79.65,27.55],[79.65,27.57],[79.63,27.57],[79.63,27.55]]]},"properties":{"cell_id":"FRK-R018-C012","band":"watch","risk":0.55,"physics_risk":0.55,"ml_delta":0.0,"dsv_today":1,"dsv_accum_7d":11,"criterion_met":true,"wet_hours":17,"min_temp_c":25.44,"mean_wet_temp_c":25.84,"firing_model":"potato_early_blight_tomcast","firing_pathogen":"Alternaria solani","confidence":0.85}},{"type":"Feature","geometry":{"type":"Polygon","coordinates":[[[79.65,27.55],[79.67,27.55],[79.67,27.57],[79.65,27.57],[79.65,27.55]]]},"properties":{"cell_id":"FRK-R018-C013","band":"watch","risk":0.55,"physics_risk":0.55,"ml_delta":0.0,"dsv_today":1,"dsv_accum_7d":11,"criterion_met":true,"wet_hours":17,"min_temp_c":25.44,"mean_wet_temp_c":25.84,"firing_model":"potato_early_blight_tomcast","firing_pathogen":"Alternaria solani","confidence":0.85}},{"type":"Feature","geometry":{"type":"Polygon","coordinates":[[[79.67,27.55],[79.69,27.55],[79.69,27.57],[79.67,27.57],[79.67,27.55]]]},"properties":{"cell_id":"FRK-R018-C014","band":"watch","risk":0.55,"physics_risk":0.55,"ml_delta":0.0,"dsv_today":1,"dsv_accum_7d":11,"criterion_met":true,"wet_hours":17,"min_temp_c":25.44,"mean_wet_temp_c":25.84,"firing_model":"potato_early_blight_tomcast","firing_pathogen":"Alternaria solani","confidence":0.85}},{"type":"Feature","geometry":{"type":"Polygon","coordinates":[[[79.69,27.55],[79.71,27.55],[79.71,27.57],[79.69,27.57],[79.69,27.55]]]},"properties":{"cell_id":"FRK-R018-C015","band":"watch","risk":0.55,"physics_risk":0.55,"ml_delta":0.0,"dsv_today":1,"dsv_accum_7d":11,"criterion_met":true,"wet_hours":17,"min_temp_c":25.44,"mean_wet_temp_c":25.84,"firing_model":"potato_early_blight_tomcast","firing_pathogen":"Alternaria solani","confidence":0.85}},{"type":"Feature","geometry":{"type":"Polygon","coordinates":[[[79.71,27.55],[79.73,27.55],[79.73,27.57],[79.71,27.57],[79.71,27.55]]]},"properties":{"cell_id":"FRK-R018-C016","band":"watch","risk":0.55,"physics_risk":0.55,"ml_delta":0.0,"dsv_today":1,"dsv_accum_7d":11,"criterion_met":true,"wet_hours":17,"min_temp_c":25.45,"mean_wet_temp_c":25.85,"firing_model":"potato_early_blight_tomcast","firing_pathogen":"Alternaria solani","confidence":0.85}},{"type":"Feature","geometry":{"type":"Polygon","coordinates":[[[79.73,27.55],[79.75,27.55],[79.75,27.57],[79.73,27.57],[79.73,27.55]]]},"properties":{"cell_id":"FRK-R018-C017","band":"watch","risk":0.55,"physics_risk":0.55,"ml_delta":0.0,"dsv_today":1,"dsv_accum_7d":11,"criterion_met":true,"wet_hours":17,"min_temp_c":25.46,"mean_wet_temp_c":25.86,"firing_model":"potato_early_blight_tomcast","firing_pathogen":"Alternaria solani","confidence":0.85}},{"type":"Feature","geometry":{"type":"Polygon","coordinates":[[[79.75,27.55],[79.77,27.55],[79.77,27.57],[79.75,27.57],[79.75,27.55]]]},"properties":{"cell_id":"FRK-R018-C018","band":"watch","risk":0.5,"physics_risk":0.5,"ml_delta":0.0,"dsv_today":1,"dsv_accum_7d":10,"criterion_met":true,"wet_hours":17,"min_temp_c":25.48,"mean_wet_temp_c":25.87,"firing_model":"potato_early_blight_tomcast","firing_pathogen":"Alternaria solani","confidence":0.85}},{"type":"Feature","geometry":{"type":"Polygon","coordinates":[[[79.77,27.55],[79.79,27.55],[79.79,27.57],[79.77,27.57],[79.77,27.55]]]},"properties":{"cell_id":"FRK-R018-C019","band":"watch","risk":0.5,"physics_risk":0.5,"ml_delta":0.0,"dsv_today":1,"dsv_accum_7d":10,"criterion_met":true,"wet_hours":17,"min_temp_c":25.49,"mean_wet_temp_c":25.88,"firing_model":"potato_early_blight_tomcast","firing_pathogen":"Alternaria solani","confidence":0.85}},{"type":"Feature","geometry":{"type":"Polygon","coordinates":[[[79.79,27.55],[79.81,27.55],[79.81,27.57],[79.79,27.57],[79.79,27.55]]]},"properties":{"cell_id":"FRK-R018-C020","band":"watch","risk":0.45,"physics_risk":0.45,"ml_delta":0.0,"dsv_today":1,"dsv_accum_7d":9,"criterion_met":true,"wet_hours":17,"min_temp_c":25.5,"mean_wet_temp_c":25.89,"firing_model":"potato_early_blight_tomcast","firing_pathogen":"Alternaria solani","confidence":0.85}},{"type":"Feature","geometry":{"type":"Polygon","coordinates":[[[79.39,27.57],[79.41,27.57],[79.41,27.59],[79.39,27.59],[79.39,27.57]]]},"properties":{"cell_id":"FRK-R019-C000","band":"watch","risk":0.3,"physics_risk":0.3,"ml_delta":0.0,"dsv_today":0,"dsv_accum_7d":6,"criterion_met":true,"wet_hours":16,"min_temp_c":25.4,"mean_wet_temp_c":25.65,"firing_model":"potato_early_blight_tomcast","firing_pathogen":"Alternaria solani","confidence":0.85}},{"type":"Feature","geometry":{"type":"Polygon","coordinates":[[[79.41,27.57],[79.43,27.57],[79.43,27.59],[79.41,27.59],[79.41,27.57]]]},"properties":{"cell_id":"FRK-R019-C001","band":"watch","risk":0.35,"physics_risk":0.35,"ml_delta":0.0,"dsv_today":1,"dsv_accum_7d":7,"criterion_met":true,"wet_hours":17,"min_temp_c":25.4,"mean_wet_temp_c":25.8,"firing_model":"potato_early_blight_tomcast","firing_pathogen":"Alternaria solani","confidence":0.85}},{"type":"Feature","geometry":{"type":"Polygon","coordinates":[[[79.43,27.57],[79.45,27.57],[79.45,27.59],[79.43,27.59],[79.43,27.57]]]},"properties":{"cell_id":"FRK-R019-C002","band":"watch","risk":0.35,"physics_risk":0.35,"ml_delta":0.0,"dsv_today":1,"dsv_accum_7d":7,"criterion_met":true,"wet_hours":17,"min_temp_c":25.4,"mean_wet_temp_c":25.81,"firing_model":"potato_early_blight_tomcast","firing_pathogen":"Alternaria solani","confidence":0.85}},{"type":"Feature","geometry":{"type":"Polygon","coordinates":[[[79.45,27.57],[79.47,27.57],[79.47,27.59],[79.45,27.59],[79.45,27.57]]]},"properties":{"cell_id":"FRK-R019-C003","band":"watch","risk":0.35,"physics_risk":0.35,"ml_delta":0.0,"dsv_today":1,"dsv_accum_7d":7,"criterion_met":true,"wet_hours":17,"min_temp_c":25.4,"mean_wet_temp_c":25.81,"firing_model":"potato_early_blight_tomcast","firing_pathogen":"Alternaria solani","confidence":0.85}},{"type":"Feature","geometry":{"type":"Polygon","coordinates":[[[79.47,27.57],[79.49,27.57],[79.49,27.59],[79.47,27.59],[79.47,27.57]]]},"properties":{"cell_id":"FRK-R019-C004","band":"watch","risk":0.35,"physics_risk":0.35,"ml_delta":0.0,"dsv_today":1,"dsv_accum_7d":7,"criterion_met":true,"wet_hours":17,"min_temp_c":25.4,"mean_wet_temp_c":25.82,"firing_model":"potato_early_blight_tomcast","firing_pathogen":"Alternaria solani","confidence":0.85}},{"type":"Feature","geometry":{"type":"Polygon","coordinates":[[[79.49,27.57],[79.51,27.57],[79.51,27.59],[79.49,27.59],[79.49,27.57]]]},"properties":{"cell_id":"FRK-R019-C005","band":"watch","risk":0.35,"physics_risk":0.35,"ml_delta":0.0,"dsv_today":1,"dsv_accum_7d":7,"criterion_met":true,"wet_hours":17,"min_temp_c":25.4,"mean_wet_temp_c":25.82,"firing_model":"potato_early_blight_tomcast","firing_pathogen":"Alternaria solani","confidence":0.85}},{"type":"Feature","geometry":{"type":"Polygon","coordinates":[[[79.51,27.57],[79.53,27.57],[79.53,27.59],[79.51,27.59],[79.51,27.57]]]},"properties":{"cell_id":"FRK-R019-C006","band":"watch","risk":0.45,"physics_risk":0.45,"ml_delta":0.0,"dsv_today":1,"dsv_accum_7d":9,"criterion_met":true,"wet_hours":17,"min_temp_c":25.4,"mean_wet_temp_c":25.82,"firing_model":"potato_early_blight_tomcast","firing_pathogen":"Alternaria solani","confidence":0.85}},{"type":"Feature","geometry":{"type":"Polygon","coordinates":[[[79.53,27.57],[79.55,27.57],[79.55,27.59],[79.53,27.59],[79.53,27.57]]]},"properties":{"cell_id":"FRK-R019-C007","band":"watch","risk":0.55,"physics_risk":0.55,"ml_delta":0.0,"dsv_today":1,"dsv_accum_7d":11,"criterion_met":true,"wet_hours":17,"min_temp_c":25.41,"mean_wet_temp_c":25.82,"firing_model":"potato_early_blight_tomcast","firing_pathogen":"Alternaria solani","confidence":0.85}},{"type":"Feature","geometry":{"type":"Polygon","coordinates":[[[79.55,27.57],[79.57,27.57],[79.57,27.59],[79.55,27.59],[79.55,27.57]]]},"properties":{"cell_id":"FRK-R019-C008","band":"watch","risk":0.55,"physics_risk":0.55,"ml_delta":0.0,"dsv_today":1,"dsv_accum_7d":11,"criterion_met":true,"wet_hours":17,"min_temp_c":25.41,"mean_wet_temp_c":25.82,"firing_model":"potato_early_blight_tomcast","firing_pathogen":"Alternaria solani","confidence":0.85}},{"type":"Feature","geometry":{"type":"Polygon","coordinates":[[[79.57,27.57],[79.59,27.57],[79.59,27.59],[79.57,27.59],[79.57,27.57]]]},"properties":{"cell_id":"FRK-R019-C009","band":"watch","risk":0.55,"physics_risk":0.55,"ml_delta":0.0,"dsv_today":1,"dsv_accum_7d":11,"criterion_met":true,"wet_hours":17,"min_temp_c":25.42,"mean_wet_temp_c":25.82,"firing_model":"potato_early_blight_tomcast","firing_pathogen":"Alternaria solani","confidence":0.85}},{"type":"Feature","geometry":{"type":"Polygon","coordinates":[[[79.59,27.57],[79.61,27.57],[79.61,27.59],[79.59,27.59],[79.59,27.57]]]},"properties":{"cell_id":"FRK-R019-C010","band":"watch","risk":0.55,"physics_risk":0.55,"ml_delta":0.0,"dsv_today":1,"dsv_accum_7d":11,"criterion_met":true,"wet_hours":17,"min_temp_c":25.42,"mean_wet_temp_c":25.82,"firing_model":"potato_early_blight_tomcast","firing_pathogen":"Alternaria solani","confidence":0.85}},{"type":"Feature","geometry":{"type":"Polygon","coordinates":[[[79.61,27.57],[79.63,27.57],[79.63,27.59],[79.61,27.59],[79.61,27.57]]]},"properties":{"cell_id":"FRK-R019-C011","band":"watch","risk":0.55,"physics_risk":0.55,"ml_delta":0.0,"dsv_today":1,"dsv_accum_7d":11,"criterion_met":true,"wet_hours":17,"min_temp_c":25.42,"mean_wet_temp_c":25.82,"firing_model":"potato_early_blight_tomcast","firing_pathogen":"Alternaria solani","confidence":0.85}},{"type":"Feature","geometry":{"type":"Polygon","coordinates":[[[79.63,27.57],[79.65,27.57],[79.65,27.59],[79.63,27.59],[79.63,27.57]]]},"properties":{"cell_id":"FRK-R019-C012","band":"watch","risk":0.55,"physics_risk":0.55,"ml_delta":0.0,"dsv_today":1,"dsv_accum_7d":11,"criterion_met":true,"wet_hours":17,"min_temp_c":25.42,"mean_wet_temp_c":25.82,"firing_model":"potato_early_blight_tomcast","firing_pathogen":"Alternaria solani","confidence":0.85}},{"type":"Feature","geometry":{"type":"Polygon","coordinates":[[[79.65,27.57],[79.67,27.57],[79.67,27.59],[79.65,27.59],[79.65,27.57]]]},"properties":{"cell_id":"FRK-R019-C013","band":"watch","risk":0.55,"physics_risk":0.55,"ml_delta":0.0,"dsv_today":1,"dsv_accum_7d":11,"criterion_met":true,"wet_hours":17,"min_temp_c":25.42,"mean_wet_temp_c":25.82,"firing_model":"potato_early_blight_tomcast","firing_pathogen":"Alternaria solani","confidence":0.85}},{"type":"Feature","geometry":{"type":"Polygon","coordinates":[[[79.67,27.57],[79.69,27.57],[79.69,27.59],[79.67,27.59],[79.67,27.57]]]},"properties":{"cell_id":"FRK-R019-C014","band":"watch","risk":0.55,"physics_risk":0.55,"ml_delta":0.0,"dsv_today":1,"dsv_accum_7d":11,"criterion_met":true,"wet_hours":17,"min_temp_c":25.42,"mean_wet_temp_c":25.82,"firing_model":"potato_early_blight_tomcast","firing_pathogen":"Alternaria solani","confidence":0.85}},{"type":"Feature","geometry":{"type":"Polygon","coordinates":[[[79.69,27.57],[79.71,27.57],[79.71,27.59],[79.69,27.59],[79.69,27.57]]]},"properties":{"cell_id":"FRK-R019-C015","band":"watch","risk":0.55,"physics_risk":0.55,"ml_delta":0.0,"dsv_today":1,"dsv_accum_7d":11,"criterion_met":true,"wet_hours":17,"min_temp_c":25.42,"mean_wet_temp_c":25.82,"firing_model":"potato_early_blight_tomcast","firing_pathogen":"Alternaria solani","confidence":0.85}},{"type":"Feature","geometry":{"type":"Polygon","coordinates":[[[79.71,27.57],[79.73,27.57],[79.73,27.59],[79.71,27.59],[79.71,27.57]]]},"properties":{"cell_id":"FRK-R019-C016","band":"watch","risk":0.55,"physics_risk":0.55,"ml_delta":0.0,"dsv_today":1,"dsv_accum_7d":11,"criterion_met":true,"wet_hours":17,"min_temp_c":25.44,"mean_wet_temp_c":25.83,"firing_model":"potato_early_blight_tomcast","firing_pathogen":"Alternaria solani","confidence":0.85}},{"type":"Feature","geometry":{"type":"Polygon","coordinates":[[[79.73,27.57],[79.75,27.57],[79.75,27.59],[79.73,27.59],[79.73,27.57]]]},"properties":{"cell_id":"FRK-R019-C017","band":"watch","risk":0.55,"physics_risk":0.55,"ml_delta":0.0,"dsv_today":1,"dsv_accum_7d":11,"criterion_met":true,"wet_hours":17,"min_temp_c":25.45,"mean_wet_temp_c":25.84,"firing_model":"potato_early_blight_tomcast","firing_pathogen":"Alternaria solani","confidence":0.85}},{"type":"Feature","geometry":{"type":"Polygon","coordinates":[[[79.75,27.57],[79.77,27.57],[79.77,27.59],[79.75,27.59],[79.75,27.57]]]},"properties":{"cell_id":"FRK-R019-C018","band":"watch","risk":0.55,"physics_risk":0.55,"ml_delta":0.0,"dsv_today":1,"dsv_accum_7d":11,"criterion_met":true,"wet_hours":17,"min_temp_c":25.47,"mean_wet_temp_c":25.86,"firing_model":"potato_early_blight_tomcast","firing_pathogen":"Alternaria solani","confidence":0.85}},{"type":"Feature","geometry":{"type":"Polygon","coordinates":[[[79.77,27.57],[79.79,27.57],[79.79,27.59],[79.77,27.59],[79.77,27.57]]]},"properties":{"cell_id":"FRK-R019-C019","band":"watch","risk":0.5,"physics_risk":0.5,"ml_delta":0.0,"dsv_today":1,"dsv_accum_7d":10,"criterion_met":true,"wet_hours":17,"min_temp_c":25.48,"mean_wet_temp_c":25.87,"firing_model":"potato_early_blight_tomcast","firing_pathogen":"Alternaria solani","confidence":0.85}},{"type":"Feature","geometry":{"type":"Polygon","coordinates":[[[79.79,27.57],[79.81,27.57],[79.81,27.59],[79.79,27.59],[79.79,27.57]]]},"properties":{"cell_id":"FRK-R019-C020","band":"watch","risk":0.45,"physics_risk":0.45,"ml_delta":0.0,"dsv_today":1,"dsv_accum_7d":9,"criterion_met":true,"wet_hours":17,"min_temp_c":25.5,"mean_wet_temp_c":25.88,"firing_model":"potato_early_blight_tomcast","firing_pathogen":"Alternaria solani","confidence":0.85}},{"type":"Feature","geometry":{"type":"Polygon","coordinates":[[[79.39,27.59],[79.41,27.59],[79.41,27.61],[79.39,27.61],[79.39,27.59]]]},"properties":{"cell_id":"FRK-R020-C000","band":"watch","risk":0.3,"physics_risk":0.3,"ml_delta":0.0,"dsv_today":0,"dsv_accum_7d":6,"criterion_met":true,"wet_hours":16,"min_temp_c":25.4,"mean_wet_temp_c":25.64,"firing_model":"potato_early_blight_tomcast","firing_pathogen":"Alternaria solani","confidence":0.85}},{"type":"Feature","geometry":{"type":"Polygon","coordinates":[[[79.41,27.59],[79.43,27.59],[79.43,27.61],[79.41,27.61],[79.41,27.59]]]},"properties":{"cell_id":"FRK-R020-C001","band":"watch","risk":0.3,"physics_risk":0.3,"ml_delta":0.0,"dsv_today":0,"dsv_accum_7d":6,"criterion_met":true,"wet_hours":16,"min_temp_c":25.4,"mean_wet_temp_c":25.64,"firing_model":"potato_early_blight_tomcast","firing_pathogen":"Alternaria solani","confidence":0.85}},{"type":"Feature","geometry":{"type":"Polygon","coordinates":[[[79.43,27.59],[79.45,27.59],[79.45,27.61],[79.43,27.61],[79.43,27.59]]]},"properties":{"cell_id":"FRK-R020-C002","band":"watch","risk":0.35,"physics_risk":0.35,"ml_delta":0.0,"dsv_today":1,"dsv_accum_7d":7,"criterion_met":true,"wet_hours":17,"min_temp_c":25.4,"mean_wet_temp_c":25.79,"firing_model":"potato_early_blight_tomcast","firing_pathogen":"Alternaria solani","confidence":0.85}},{"type":"Feature","geometry":{"type":"Polygon","coordinates":[[[79.45,27.59],[79.47,27.59],[79.47,27.61],[79.45,27.61],[79.45,27.59]]]},"properties":{"cell_id":"FRK-R020-C003","band":"watch","risk":0.35,"physics_risk":0.35,"ml_delta":0.0,"dsv_today":1,"dsv_accum_7d":7,"criterion_met":true,"wet_hours":17,"min_temp_c":25.4,"mean_wet_temp_c":25.8,"firing_model":"potato_early_blight_tomcast","firing_pathogen":"Alternaria solani","confidence":0.85}},{"type":"Feature","geometry":{"type":"Polygon","coordinates":[[[79.47,27.59],[79.49,27.59],[79.49,27.61],[79.47,27.61],[79.47,27.59]]]},"properties":{"cell_id":"FRK-R020-C004","band":"watch","risk":0.35,"physics_risk":0.35,"ml_delta":0.0,"dsv_today":1,"dsv_accum_7d":7,"criterion_met":true,"wet_hours":17,"min_temp_c":25.4,"mean_wet_temp_c":25.8,"firing_model":"potato_early_blight_tomcast","firing_pathogen":"Alternaria solani","confidence":0.85}},{"type":"Feature","geometry":{"type":"Polygon","coordinates":[[[79.49,27.59],[79.51,27.59],[79.51,27.61],[79.49,27.61],[79.49,27.59]]]},"properties":{"cell_id":"FRK-R020-C005","band":"watch","risk":0.45,"physics_risk":0.45,"ml_delta":0.0,"dsv_today":1,"dsv_accum_7d":9,"criterion_met":true,"wet_hours":17,"min_temp_c":25.4,"mean_wet_temp_c":25.8,"firing_model":"potato_early_blight_tomcast","firing_pathogen":"Alternaria solani","confidence":0.85}},{"type":"Feature","geometry":{"type":"Polygon","coordinates":[[[79.51,27.59],[79.53,27.59],[79.53,27.61],[79.51,27.61],[79.51,27.59]]]},"properties":{"cell_id":"FRK-R020-C006","band":"watch","risk":0.45,"physics_risk":0.45,"ml_delta":0.0,"dsv_today":1,"dsv_accum_7d":9,"criterion_met":true,"wet_hours":17,"min_temp_c":25.4,"mean_wet_temp_c":25.8,"firing_model":"potato_early_blight_tomcast","firing_pathogen":"Alternaria solani","confidence":0.85}},{"type":"Feature","geometry":{"type":"Polygon","coordinates":[[[79.53,27.59],[79.55,27.59],[79.55,27.61],[79.53,27.61],[79.53,27.59]]]},"properties":{"cell_id":"FRK-R020-C007","band":"watch","risk":0.55,"physics_risk":0.55,"ml_delta":0.0,"dsv_today":1,"dsv_accum_7d":11,"criterion_met":true,"wet_hours":17,"min_temp_c":25.4,"mean_wet_temp_c":25.8,"firing_model":"potato_early_blight_tomcast","firing_pathogen":"Alternaria solani","confidence":0.85}},{"type":"Feature","geometry":{"type":"Polygon","coordinates":[[[79.55,27.59],[79.57,27.59],[79.57,27.61],[79.55,27.61],[79.55,27.59]]]},"properties":{"cell_id":"FRK-R020-C008","band":"watch","risk":0.55,"physics_risk":0.55,"ml_delta":0.0,"dsv_today":1,"dsv_accum_7d":11,"criterion_met":true,"wet_hours":17,"min_temp_c":25.4,"mean_wet_temp_c":25.79,"firing_model":"potato_early_blight_tomcast","firing_pathogen":"Alternaria solani","confidence":0.85}},{"type":"Feature","geometry":{"type":"Polygon","coordinates":[[[79.57,27.59],[79.59,27.59],[79.59,27.61],[79.57,27.61],[79.57,27.59]]]},"properties":{"cell_id":"FRK-R020-C009","band":"watch","risk":0.55,"physics_risk":0.55,"ml_delta":0.0,"dsv_today":1,"dsv_accum_7d":11,"criterion_met":true,"wet_hours":17,"min_temp_c":25.4,"mean_wet_temp_c":25.79,"firing_model":"potato_early_blight_tomcast","firing_pathogen":"Alternaria solani","confidence":0.85}},{"type":"Feature","geometry":{"type":"Polygon","coordinates":[[[79.59,27.59],[79.61,27.59],[79.61,27.61],[79.59,27.61],[79.59,27.59]]]},"properties":{"cell_id":"FRK-R020-C010","band":"watch","risk":0.55,"physics_risk":0.55,"ml_delta":0.0,"dsv_today":1,"dsv_accum_7d":11,"criterion_met":true,"wet_hours":17,"min_temp_c":25.4,"mean_wet_temp_c":25.79,"firing_model":"potato_early_blight_tomcast","firing_pathogen":"Alternaria solani","confidence":0.85}},{"type":"Feature","geometry":{"type":"Polygon","coordinates":[[[79.61,27.59],[79.63,27.59],[79.63,27.61],[79.61,27.61],[79.61,27.59]]]},"properties":{"cell_id":"FRK-R020-C011","band":"watch","risk":0.55,"physics_risk":0.55,"ml_delta":0.0,"dsv_today":1,"dsv_accum_7d":11,"criterion_met":true,"wet_hours":17,"min_temp_c":25.4,"mean_wet_temp_c":25.79,"firing_model":"potato_early_blight_tomcast","firing_pathogen":"Alternaria solani","confidence":0.85}},{"type":"Feature","geometry":{"type":"Polygon","coordinates":[[[79.63,27.59],[79.65,27.59],[79.65,27.61],[79.63,27.61],[79.63,27.59]]]},"properties":{"cell_id":"FRK-R020-C012","band":"watch","risk":0.55,"physics_risk":0.55,"ml_delta":0.0,"dsv_today":1,"dsv_accum_7d":11,"criterion_met":true,"wet_hours":17,"min_temp_c":25.4,"mean_wet_temp_c":25.79,"firing_model":"potato_early_blight_tomcast","firing_pathogen":"Alternaria solani","confidence":0.85}},{"type":"Feature","geometry":{"type":"Polygon","coordinates":[[[79.65,27.59],[79.67,27.59],[79.67,27.61],[79.65,27.61],[79.65,27.59]]]},"properties":{"cell_id":"FRK-R020-C013","band":"watch","risk":0.55,"physics_risk":0.55,"ml_delta":0.0,"dsv_today":1,"dsv_accum_7d":11,"criterion_met":true,"wet_hours":17,"min_temp_c":25.4,"mean_wet_temp_c":25.8,"firing_model":"potato_early_blight_tomcast","firing_pathogen":"Alternaria solani","confidence":0.85}},{"type":"Feature","geometry":{"type":"Polygon","coordinates":[[[79.67,27.59],[79.69,27.59],[79.69,27.61],[79.67,27.61],[79.67,27.59]]]},"properties":{"cell_id":"FRK-R020-C014","band":"watch","risk":0.55,"physics_risk":0.55,"ml_delta":0.0,"dsv_today":1,"dsv_accum_7d":11,"criterion_met":true,"wet_hours":17,"min_temp_c":25.4,"mean_wet_temp_c":25.8,"firing_model":"potato_early_blight_tomcast","firing_pathogen":"Alternaria solani","confidence":0.85}},{"type":"Feature","geometry":{"type":"Polygon","coordinates":[[[79.69,27.59],[79.71,27.59],[79.71,27.61],[79.69,27.61],[79.69,27.59]]]},"properties":{"cell_id":"FRK-R020-C015","band":"watch","risk":0.55,"physics_risk":0.55,"ml_delta":0.0,"dsv_today":1,"dsv_accum_7d":11,"criterion_met":true,"wet_hours":17,"min_temp_c":25.4,"mean_wet_temp_c":25.8,"firing_model":"potato_early_blight_tomcast","firing_pathogen":"Alternaria solani","confidence":0.85}},{"type":"Feature","geometry":{"type":"Polygon","coordinates":[[[79.71,27.59],[79.73,27.59],[79.73,27.61],[79.71,27.61],[79.71,27.59]]]},"properties":{"cell_id":"FRK-R020-C016","band":"watch","risk":0.55,"physics_risk":0.55,"ml_delta":0.0,"dsv_today":1,"dsv_accum_7d":11,"criterion_met":true,"wet_hours":17,"min_temp_c":25.42,"mean_wet_temp_c":25.81,"firing_model":"potato_early_blight_tomcast","firing_pathogen":"Alternaria solani","confidence":0.85}},{"type":"Feature","geometry":{"type":"Polygon","coordinates":[[[79.73,27.59],[79.75,27.59],[79.75,27.61],[79.73,27.61],[79.73,27.59]]]},"properties":{"cell_id":"FRK-R020-C017","band":"watch","risk":0.55,"physics_risk":0.55,"ml_delta":0.0,"dsv_today":1,"dsv_accum_7d":11,"criterion_met":true,"wet_hours":17,"min_temp_c":25.44,"mean_wet_temp_c":25.83,"firing_model":"potato_early_blight_tomcast","firing_pathogen":"Alternaria solani","confidence":0.85}},{"type":"Feature","geometry":{"type":"Polygon","coordinates":[[[79.75,27.59],[79.77,27.59],[79.77,27.61],[79.75,27.61],[79.75,27.59]]]},"properties":{"cell_id":"FRK-R020-C018","band":"watch","risk":0.55,"physics_risk":0.55,"ml_delta":0.0,"dsv_today":1,"dsv_accum_7d":11,"criterion_met":true,"wet_hours":17,"min_temp_c":25.46,"mean_wet_temp_c":25.84,"firing_model":"potato_early_blight_tomcast","firing_pathogen":"Alternaria solani","confidence":0.85}},{"type":"Feature","geometry":{"type":"Polygon","coordinates":[[[79.77,27.59],[79.79,27.59],[79.79,27.61],[79.77,27.61],[79.77,27.59]]]},"properties":{"cell_id":"FRK-R020-C019","band":"watch","risk":0.5,"physics_risk":0.5,"ml_delta":0.0,"dsv_today":1,"dsv_accum_7d":10,"criterion_met":true,"wet_hours":17,"min_temp_c":25.48,"mean_wet_temp_c":25.85,"firing_model":"potato_early_blight_tomcast","firing_pathogen":"Alternaria solani","confidence":0.85}},{"type":"Feature","geometry":{"type":"Polygon","coordinates":[[[79.79,27.59],[79.81,27.59],[79.81,27.61],[79.79,27.61],[79.79,27.59]]]},"properties":{"cell_id":"FRK-R020-C020","band":"watch","risk":0.45,"physics_risk":0.45,"ml_delta":0.0,"dsv_today":1,"dsv_accum_7d":9,"criterion_met":true,"wet_hours":17,"min_temp_c":25.5,"mean_wet_temp_c":25.87,"firing_model":"potato_early_blight_tomcast","firing_pathogen":"Alternaria solani","confidence":0.85}}]}